full_name,rating,Pos,Experience,Age,Tm,G,GS,MP,FG,FGA,FG%,3P,3PA,3P%,2P,2PA,2P%,eFG%,FT,FTA,FT%,ORB,DRB,TRB,AST,STL,BLK,TOV,PF,PTS,salary,z_score_twitter RETWEET_count,z_score_follower_count_millon,z_score_twitter_followers_count
Aaron Gordon,81,PF,9,26,DEN,75,75,31.7,5.8,11.1,0.52,1.2,3.5,0.335,4.6,7.7,0.605,0.573,2.3,3.1,0.743,1.7,4.2,5.9,2.5,0.6,0.6,1.8,2,15,19863636,-0.43679013,-2.63759E-06,-0.51919831
Aaron Holiday,73,PG,5,25,TOT,63,15,16.2,2.4,5.4,0.447,0.6,1.6,0.379,1.8,3.7,0.477,0.504,0.9,1.1,0.868,0.4,1.6,1.9,2.4,0.7,0.1,1.1,1.5,6.3,2239200,5.24081E-07,-2.63759E-06,-0.360138997
Abdel Nader,70,SF,7,28,PHO,14,0,10.4,0.9,2.5,0.343,0.3,1,0.286,0.6,1.5,0.381,0.4,0.4,0.7,0.6,0.3,1.6,1.9,0.5,0.6,0.3,0.8,1.4,2.4,1618520,5.24081E-07,-2.63759E-06,0.639861003
Admiral Schofield,71,SF,4,24,ORL,38,1,12.3,1.4,3.4,0.419,0.7,2.1,0.329,0.7,1.3,0.56,0.519,0.3,0.4,0.8,0.4,1.9,2.3,0.7,0.1,0.1,0.6,1.5,3.8,1000000,5.24081E-07,-2.63759E-06,0.637643023
Al Horford,85,C,16,35,BOS,69,69,29.1,3.9,8.2,0.467,1.3,3.8,0.336,2.6,4.4,0.582,0.546,1.2,1.4,0.842,1.6,6.1,7.7,3.4,0.7,1.3,0.9,1.9,10.2,28000000,-0.251396546,-0.733296303,0.146586748
Alec Burks,73,SG,12,30,NYK,81,44,28.6,3.5,9,0.391,1.9,4.8,0.404,1.6,4.2,0.378,0.499,2.7,3.3,0.822,0.6,4.3,4.9,3,1,0.3,1.1,2.7,11.7,2320044,-0.440160923,-2.63759E-06,0.010973002
Alex Caruso,73,SG,7,27,CHI,41,18,28,2.5,6.2,0.398,1,3.1,0.333,1.5,3.2,0.462,0.48,1.4,1.8,0.795,0.8,2.8,3.6,4,1.7,0.4,1.4,2.6,7.4,2750000,5.24081E-07,-2.63759E-06,0.639861003
Alex Len,77,C,10,28,SAC,39,10,15.9,2.4,4.5,0.534,0.2,0.5,0.286,2.3,4,0.568,0.551,1.1,1.6,0.651,1.3,2.8,4.1,1.2,0.3,0.6,1.1,2.6,6,4160000,5.24081E-07,-2.63759E-06,0.011521652
Alfonzo McKinnie,72,SF,8,29,CHI,17,3,12.1,1.4,3.6,0.393,0.5,1.6,0.333,0.9,2,0.441,0.467,0.1,0.5,0.25,0.8,1.2,1.9,0.3,0.1,0.2,0.4,1.5,3.5,2391985,5.24081E-07,-2.63759E-06,0.639861003
Alize Johnson,70,PF,5,25,TOT,23,0,7.3,0.7,1.7,0.436,0,0.2,0,0.7,1.5,0.486,0.436,0.3,0.5,0.583,1.2,1.4,2.7,0.4,0.2,0,0.5,0.8,1.8,1416852,5.24081E-07,-2.63759E-06,0.639861003
Andre Drummond,86,C,11,28,TOT,73,36,19.7,3.4,5.9,0.57,0,0,0,3.4,5.9,0.574,0.57,1.2,2.2,0.524,3.1,6.2,9.3,1.8,1.1,0.9,1.6,2.6,7.9,27093018,-0.406452998,-0.332292529,0
Andre Iguodala,78,SF,19,38,GSW,31,0,19.5,1.5,3.9,0.38,0.5,2.4,0.23,0.9,1.5,0.617,0.45,0.5,0.6,0.75,0.7,2.5,3.2,3.7,0.9,0.7,0.9,1.1,4,17185185,-0.345778735,-2.63759E-06,0.329738719
Andrew Wiggins,79,SF,9,26,GSW,73,73,31.9,6.5,14,0.466,2.2,5.5,0.393,4.4,8.5,0.513,0.543,2,3.2,0.634,1.2,3.3,4.5,2.2,1,0.7,1.5,2.2,17.2,27504630,-0.307014622,-2.63759E-06,0.199708642
Anfernee Simons,72,SG,5,22,POR,57,30,29.5,6.2,14,0.443,3.1,7.8,0.405,3.1,6.2,0.49,0.555,1.8,2,0.888,0.5,2.2,2.6,3.9,0.5,0.1,2,1.9,17.3,2149560,5.24081E-07,-2.63759E-06,0.639861003
Anthony Davis,94,C,11,28,LAL,40,40,35.1,9.3,17.4,0.532,0.3,1.8,0.186,8.9,15.6,0.571,0.542,4.4,6.1,0.713,2.7,7.2,9.9,3.1,1.2,2.3,2.1,2.4,23.2,27093019,-0.140160396,-0.332292529,0.403806485
Austin Rivers,76,SG,11,29,DEN,67,18,22.1,2.2,5.2,0.417,1.2,3.4,0.342,1,1.8,0.563,0.53,0.5,0.7,0.727,0.3,1.4,1.7,1.3,0.8,0.1,0.8,1.8,6,2174310,-0.413194583,-2.63759E-06,0.082846167
Avery Bradley,76,SG,13,31,LAL,62,45,22.7,2.4,5.6,0.423,1.3,3.4,0.39,1.1,2.3,0.471,0.54,0.3,0.3,0.889,0.5,1.7,2.2,0.8,0.9,0.1,0.6,1.9,6.4,6767000,5.24081E-07,-2.63759E-06,0.639861003
Bam Adebayo,79,C,6,24,MIA,56,56,32.6,7.3,13,0.557,0,0.1,0,7.3,12.9,0.562,0.557,4.6,6.1,0.753,2.4,7.6,10.1,3.4,1.4,0.8,2.6,3.1,19.1,3454080,5.24081E-07,-2.63759E-06,0.639861003
Ben McLemore,71,SG,10,28,POR,64,6,20.1,3.4,8.4,0.401,2.4,6.5,0.362,1,1.9,0.533,0.541,1.1,1.4,0.818,0.2,1.4,1.6,0.9,0.6,0.2,0.9,1.6,10.2,2028594,5.24081E-07,-2.63759E-06,0.032919007
Bismack Biyombo,75,C,12,29,PHO,36,3,14.1,2.4,4,0.593,0,0,0,2.4,4,0.593,0.593,1.1,2,0.535,1.8,2.9,4.6,0.6,0.3,0.7,0.7,1.9,5.8,17000000,5.24081E-07,-2.63759E-06,0.639861003
Blake Griffin,88,PF,14,32,BRK,56,24,17.1,2.4,5.6,0.425,0.7,2.6,0.262,1.7,3,0.565,0.486,1,1.4,0.724,1.1,3,4.1,1.9,0.5,0.3,0.6,1.7,6.4,34449964,-0.158699755,0.899332301,0.295173762
Bobby Portis,78,C,8,26,MIL,72,59,28.2,5.8,12.1,0.479,1.8,4.7,0.393,3.9,7.4,0.533,0.555,1.2,1.6,0.752,2.5,6.6,9.1,1.2,0.7,0.7,1.3,2.4,14.6,15000000,-0.244654962,-2.63759E-06,0.040600109
Brad Wanamaker,73,PG,12,32,TOT,23,2,13.9,1.2,3.3,0.364,0.2,0.7,0.235,1,2.6,0.4,0.39,1,1.1,0.92,0.3,1.4,1.7,2.4,0.3,0.3,1,2,3.6,1445697,5.24081E-07,-2.63759E-06,0.639861003
Bradley Beal,87,SG,11,28,WAS,40,40,36,8.7,19.3,0.451,1.6,5.3,0.3,7.1,14,0.508,0.492,4.2,5.1,0.833,1,3.8,4.7,6.6,0.9,0.4,3.4,2.4,23.2,27093018,-0.354205716,-0.723758468,0.060900163
Brandon Clarke,73,PF,4,25,MEM,64,1,19.5,4.5,7,0.644,0.1,0.3,0.227,4.4,6.6,0.666,0.65,1.3,2,0.654,2.1,3.2,5.3,1.3,0.6,1.1,0.5,1.9,10.4,2478840,5.24081E-07,-2.63759E-06,0.639861003
Brandon Goodwin,68,PG,5,26,CLE,36,5,13.9,1.8,4.3,0.416,0.5,1.5,0.345,1.3,2.8,0.455,0.477,0.7,1.1,0.632,0.4,1.5,1.9,2.5,0.7,0,1,1.1,4.8,522738,5.24081E-07,-2.63759E-06,0.639861003
Brandon Ingram,81,SF,7,24,NOP,55,55,34,8.2,17.9,0.461,1.3,4.1,0.327,6.9,13.8,0.501,0.498,4.8,5.9,0.826,0.6,5.2,5.8,5.6,0.6,0.5,2.7,2.2,22.7,7265485,-0.153643566,-2.63759E-06,0.212876245
Brandon Knight,72,PG,12,30,DAL,5,0,13,2,5,0.4,0.8,3.4,0.235,1.2,1.6,0.75,0.48,1.6,1.6,1,0,1.6,1.6,1.6,0.2,0,0.8,1,6.4,15643750,5.24081E-07,-2.63759E-06,0.639861003
Brook Lopez,79,C,15,33,MIL,13,11,22.9,4.7,10.1,0.466,1.5,4.1,0.358,3.2,6,0.538,0.538,1.5,1.8,0.87,1.5,2.6,4.1,0.5,0.6,1.2,0.9,2.6,12.4,12093024,5.24081E-07,-0.838212492,0.639861003
Bruce Brown,73,SF,5,25,BRK,72,45,24.6,3.6,7,0.506,0.5,1.3,0.404,3,5.7,0.529,0.543,1.3,1.8,0.758,1.4,3.4,4.8,2.1,1.1,0.7,0.8,2.4,9,1416852,5.24081E-07,-2.63759E-06,0.639861003
Bruno Fernando,71,C,4,23,TOT,30,0,5.1,1.2,1.8,0.655,0,0.1,0.5,1.2,1.8,0.66,0.664,0.5,0.8,0.625,0.6,1.2,1.8,0.2,0,0.4,0.5,0.8,2.9,1400000,5.24081E-07,-2.63759E-06,0.639861003
Bryn Forbes,75,SG,7,28,TOT,75,2,17.1,3.1,7.2,0.429,1.6,3.9,0.414,1.5,3.3,0.447,0.542,1.1,1.2,0.908,0.1,1.1,1.2,1,0.3,0.1,0.7,1.3,8.8,2875000,5.24081E-07,-2.63759E-06,0.639861003
Buddy Hield,84,SG,7,29,TOT,81,32,30.9,5.5,13.6,0.406,3.2,8.8,0.366,2.3,4.7,0.482,0.526,1.4,1.6,0.874,0.8,3.5,4.4,2.8,0.9,0.3,1.9,2.3,15.6,4861207,0.631751071,-2.63759E-06,0.561817718
Cameron Johnson,72,PF,4,25,PHO,66,16,26.2,4.2,9.2,0.46,2.5,5.9,0.425,1.7,3.3,0.523,0.596,1.5,1.7,0.86,0.6,3.5,4.1,1.5,0.9,0.2,0.7,1.7,12.5,4033440,5.24081E-07,-2.63759E-06,0.639861003
Cameron Payne,72,PG,8,27,PHO,58,12,22,4.1,10.1,0.409,1.2,3.6,0.336,2.9,6.5,0.449,0.469,1.3,1.5,0.843,0.4,2.6,3,4.9,0.7,0.3,1.8,2.1,10.8,346288,-0.419936168,-2.63759E-06,0.042246059
Caris LeVert,78,SG,7,27,TOT,58,49,30.7,6.5,14.7,0.444,1.4,4.4,0.32,5.1,10.3,0.497,0.492,2.5,3.3,0.756,0.7,2.9,3.7,4.3,0.9,0.4,1.9,2.3,17,2625717,-0.396340621,-2.63759E-06,0
Carsen Edwards,71,SG,4,23,DET,4,0,19.8,2.3,7.5,0.3,1,4,0.25,1.3,3.5,0.357,0.367,0.3,0.3,1,0.5,1,1.5,3.5,0.5,0,1.3,1,5.8,1228026,5.24081E-07,-2.63759E-06,0.639861003
Cedi Osman,75,SF,8,26,CLE,66,3,22.2,3.7,8.7,0.432,1.9,5.4,0.357,1.8,3.2,0.559,0.544,1.3,2,0.664,0.4,1.8,2.2,2,0.8,0.2,1,1.9,10.7,2907143,5.24081E-07,-2.63759E-06,0.639861003
Chandler Hutchison,72,SF,5,25,PHO,6,0,3.7,0.2,0.3,0.5,0,0,0,0.2,0.3,0.5,0.5,0.3,0.3,1,0,0.8,0.8,0.3,0,0,0.7,0.2,0.7,2332320,5.24081E-07,-2.63759E-06,0.639861003
Cheick Diallo,74,C,7,25,DET,3,0,10.3,1,2.7,0.375,0,0,0,1,2.7,0.375,0.375,1.7,2,0.833,1.3,2.7,4,0,0.3,0,0.3,2,3.7,1678854,5.24081E-07,-0.831992165,0.639861003
Chimezie Metu,71,C,5,24,SAC,60,20,21.3,3.4,7.5,0.452,1,3.1,0.306,2.4,4.4,0.555,0.516,1.2,1.5,0.78,0.6,5,5.6,1,0.9,0.5,1,1.6,8.9,1416852,5.24081E-07,-2.63759E-06,0.639861003
Chris Boucher,71,PF,6,29,TOR,80,9,21.1,3.4,7.2,0.464,0.9,2.9,0.297,2.5,4.4,0.575,0.523,1.9,2.4,0.777,2.2,3.9,6.2,0.3,0.6,0.9,0.5,2.2,9.4,1588231,5.24081E-07,-2.63759E-06,0.639861003
Chris Paul,85,PG,18,36,PHO,65,65,32.9,5.6,11.3,0.493,1,3.1,0.317,4.6,8.3,0.559,0.536,2.6,3.1,0.837,0.3,4,4.4,10.8,1.9,0.3,2.4,2.1,14.7,38506482,0.11096364,1.815793875,0.909661892
Christian Wood,74,C,8,26,HOU,68,67,30.8,6.5,12.9,0.501,1.9,4.9,0.39,4.5,8,0.57,0.576,3,4.9,0.623,1.6,8.5,10.1,2.3,0.8,1,1.9,2.5,17.9,1645357,5.24081E-07,-2.63759E-06,0.639861003
Chuma Okeke,72,PF,4,23,ORL,70,20,25,3.1,8.2,0.376,1.7,5.3,0.318,1.4,2.9,0.48,0.478,0.8,0.9,0.846,0.7,4.3,5,1.7,1.4,0.6,0.8,1.4,8.6,2773550,5.24081E-07,-2.63759E-06,0.639861003
CJ McCollum,87,SG,10,30,TOT,62,62,34.6,8.6,18.8,0.46,2.9,7.6,0.388,5.7,11.2,0.509,0.539,1.9,2.7,0.682,0.9,3.5,4.3,5.1,1.1,0.4,2,2,22.1,27556959,5.24081E-07,-0.771447645,0.639861003
Clint Capela,85,C,9,27,ATL,74,73,27.6,5,8.2,0.613,0,0,0,5,8.1,0.614,0.613,1.1,2.3,0.473,3.8,8.1,11.9,1.2,0.7,1.3,0.6,2.2,11.1,16896552,-0.337351754,-0.82784528,0.131676028
Coby White,76,PG,4,21,CHI,61,17,27.5,4.6,10.6,0.433,2.2,5.8,0.385,2.3,4.8,0.491,0.539,1.3,1.5,0.857,0.3,2.7,3,2.9,0.5,0.2,1.1,2.2,12.7,5307120,5.24081E-07,-2.63759E-06,0.639861003
Cody Zeller,77,C,10,29,POR,27,0,13.1,1.9,3.3,0.567,0,0.1,0,1.9,3.2,0.593,0.567,1.4,1.8,0.776,1.9,2.8,4.6,0.8,0.3,0.2,0.7,2.1,5.2,14471910,-0.392969829,-2.63759E-06,0.098757021
Collin Sexton,77,SG,5,23,CLE,11,11,28.7,6.2,13.7,0.45,1,4.1,0.244,5.2,9.6,0.538,0.487,2.6,3.5,0.744,1.2,2.1,3.3,2.1,0.9,0,2.8,2.3,16,4764960,5.24081E-07,-2.63759E-06,0.639861003
Cory Joseph,74,PG,12,30,DET,65,39,24.6,2.7,6.2,0.445,1,2.4,0.414,1.7,3.7,0.465,0.526,1.5,1.7,0.885,0.4,2.2,2.7,3.6,0.6,0.3,1.3,2.3,8,12000000,-0.440160923,-2.63759E-06,0.053219061
Damian Lillard,92,PG,11,31,POR,29,29,36.4,7.7,19,0.402,3.2,9.8,0.324,4.5,9.2,0.485,0.486,5.5,6.2,0.878,0.4,3.7,4.1,7.3,0.6,0.4,2.9,1.3,24,29802321,-0.345778735,-0.282529909,0.204646493
Damyean Dotson,75,SG,6,27,NYK,2,0,10.5,1,2,0.5,0,0.5,0,1,1.5,0.667,0.5,0,0,0,0,1,1,0.5,0,0,0,0,2,1618520,5.24081E-07,-2.63759E-06,0.639861003
D'Angelo Russell,87,PG,8,25,MIN,65,65,32,6.2,15,0.411,2.7,8,0.34,3.5,7,0.492,0.502,3,3.7,0.825,0.4,2.9,3.3,7.1,1,0.3,2.5,2,18.1,27285000,0.291301035,-2.63759E-06,0
Daniel Gafford,71,C,4,23,WAS,72,53,20.1,4,5.7,0.693,0,0,0,4,5.7,0.695,0.693,1.5,2.1,0.699,2.2,3.5,5.7,0.9,0.4,1.4,0.9,2.4,9.4,898310,5.24081E-07,-2.63759E-06,0.639861003
Daniel Theis,76,C,10,29,TOT,47,27,20.8,3.2,6.2,0.519,0.7,2.3,0.308,2.5,3.9,0.641,0.576,1,1.5,0.681,1.3,3.6,4.9,0.9,0.4,0.7,1,2.4,8.2,5000000,5.24081E-07,-2.63759E-06,0.639861003
Danilo Gallinari,83,PF,15,33,ATL,66,18,25.3,3.9,9,0.434,1.7,4.5,0.381,2.2,4.6,0.485,0.528,2.1,2.4,0.904,0.5,4.1,4.7,1.5,0.4,0.2,0.6,1.4,11.7,22615559,-0.470498055,-0.543368972,0.031821707
Danny Green,77,SF,14,34,PHI,62,28,21.8,2,5.2,0.394,1.7,4.4,0.38,0.4,0.8,0.469,0.555,0.2,0.2,0.786,0.5,2,2.5,1,1,0.6,0.7,1.7,5.9,14634147,-0.440160923,-2.63759E-06,0
Darius Bazley,70,PF,4,21,OKC,69,53,27.9,4,9.4,0.422,1.2,3.9,0.297,2.8,5.5,0.511,0.484,1.7,2.5,0.688,1,5.3,6.3,1.4,0.8,1,1.3,1,10.8,2284800,5.24081E-07,-2.63759E-06,0.639861003
Darius Garland,77,PG,4,22,CLE,68,68,35.7,8,17.3,0.462,2.6,6.7,0.383,5.4,10.6,0.512,0.536,3.2,3.5,0.892,0.6,2.7,3.3,8.6,1.3,0.1,3.6,1.7,21.7,6400920,5.24081E-07,-2.63759E-06,0.639861003
David Nwaba,73,SF,7,29,HOU,46,4,13.2,1.8,3.8,0.483,0.3,1.1,0.306,1.5,2.8,0.551,0.526,1,1.5,0.716,0.9,2.4,3.3,0.8,0.6,0.4,0.5,1.2,5.1,2581965,-0.480610432,-2.63759E-06,0
De'Aaron Fox,86,PG,6,24,SAC,59,59,35.3,8.7,18.5,0.473,1.3,4.2,0.297,7.5,14.3,0.524,0.506,4.4,5.9,0.75,0.4,3.5,3.9,5.6,1.2,0.4,2.8,2.9,23.2,6392760,5.24081E-07,-2.63759E-06,0.639861003
Deandre Ayton,82,C,5,23,PHO,58,58,29.5,7.6,12,0.634,0.1,0.3,0.368,7.5,11.7,0.642,0.639,1.8,2.4,0.746,2.6,7.7,10.2,1.4,0.7,0.7,1.6,2.4,17.2,9562920,5.24081E-07,-2.63759E-06,0.639861003
De'Andre Hunter,77,SF,4,24,ATL,53,52,29.8,4.8,10.8,0.442,1.4,3.7,0.379,3.4,7.2,0.474,0.506,2.4,3.1,0.765,0.5,2.8,3.3,1.3,0.7,0.4,1.3,2.9,13.4,7068360,5.24081E-07,-2.63759E-06,0.639861003
DeAndre Jordan,81,C,15,33,TOT,48,20,13,1.9,3,0.643,0,0,0,1.9,3,0.643,0.643,0.5,0.8,0.55,1.7,3.8,5.5,0.4,0.3,0.7,0.8,1.5,4.3,9881598,-0.399711414,-0.430159013,0.207938394
De'Anthony Melton,72,SG,5,23,MEM,73,15,22.7,3.8,9.5,0.404,1.9,5.1,0.374,1.9,4.4,0.44,0.504,1.2,1.6,0.75,0.9,3.6,4.5,2.7,1.4,0.5,1.5,1.8,10.8,1416852,5.24081E-07,-2.63759E-06,0.639861003
Dejounte Murray,78,PG,7,25,SAS,68,68,34.8,8.4,18.3,0.462,1.4,4.3,0.327,7,13.9,0.504,0.5,2.9,3.6,0.794,1.2,7.1,8.3,9.2,2,0.3,2.6,2,21.1,2321735,5.24081E-07,-2.63759E-06,0.639861003
Delon Wright,76,SG,8,29,ATL,77,8,18.9,1.6,3.5,0.454,0.6,1.5,0.379,1,2,0.51,0.535,0.7,0.8,0.857,0.6,2.2,2.9,2.4,1.2,0.2,0.6,0.7,4.4,9473684,-0.443531715,-2.63759E-06,0.012618953
DeMar DeRozan,87,PF,14,32,CHI,76,76,36.1,10.2,20.2,0.504,0.7,1.9,0.352,9.5,18.3,0.52,0.521,6.8,7.8,0.877,0.7,4.4,5.2,4.9,0.9,0.3,2.4,2.3,27.9,27739975,0.136244583,-0.597693165,0
DeMarcus Cousins,86,C,13,31,TOT,48,7,15,3.1,6.8,0.46,0.8,2.5,0.303,2.3,4.2,0.554,0.517,2,2.6,0.76,1.5,4.1,5.6,1.5,0.7,0.4,1.8,2.9,9,3500000,-0.182295302,-0.495679796,0.111924624
Denzel Valentine,74,SG,7,28,TOT,24,0,9.3,1,2.8,0.379,0.8,2,0.404,0.3,0.8,0.316,0.523,0,0,0,0.4,1.4,1.8,0.5,0.3,0,0.5,0.8,2.9,3377568,-0.409823791,-2.63759E-06,0.025237905
Derrick Favors,80,C,13,30,OKC,39,18,16.7,2.4,4.7,0.516,0.1,0.4,0.125,2.4,4.3,0.554,0.522,0.4,0.6,0.64,1.5,3.2,4.7,0.6,0.4,0.3,0.2,1.6,5.3,17650000,-0.468812658,-2.63759E-06,0.027432506
Derrick Rose,80,PG,15,33,NYK,26,4,24.5,4.7,10.5,0.445,1.4,3.5,0.402,3.3,7,0.467,0.513,1.2,1.2,0.968,0.8,2.2,3,4,0.8,0.5,1.5,0.6,12,7317074,7.951426842,-2.63759E-06,2.045367631
Derrick White,78,SG,6,27,TOT,75,52,29.3,4.5,10.7,0.421,1.5,4.9,0.312,3,5.7,0.515,0.493,2.7,3.1,0.864,0.5,3,3.5,4.9,0.9,0.8,1.6,2.3,13.2,1948080,5.24081E-07,-2.63759E-06,0.639861003
Devin Booker,86,SG,8,25,PHO,68,68,34.5,9.7,20.9,0.466,2.7,7,0.383,7,13.9,0.508,0.53,4.6,5.3,0.868,0.7,4.4,5,4.8,1.1,0.4,2.4,2.6,26.8,27285000,0.640178052,-2.63759E-06,1.28438992
Dewayne Dedmon,76,C,10,32,MIA,67,15,15.9,2.4,4.3,0.566,0.3,0.7,0.404,2.2,3.6,0.597,0.598,1.1,1.5,0.75,1.6,4.2,5.8,0.7,0.4,0.6,1,2.6,6.3,13333334,5.24081E-07,-0.831992165,0.639861003
Dillon Brooks,74,SF,6,26,MEM,32,31,27.7,7.1,16.4,0.432,1.4,4.7,0.309,5.7,11.8,0.48,0.475,2.8,3.3,0.849,0.9,2.3,3.2,2.8,1.1,0.3,1.6,3.3,18.4,1618520,5.24081E-07,-2.63759E-06,0.639861003
Domantas Sabonis,81,C-PF,7,25,TOT,62,61,34.5,7.1,12.5,0.573,0.6,2,0.312,6.5,10.5,0.623,0.598,4,5.4,0.741,3.2,8.9,12.1,5.2,1,0.4,3.1,3.3,18.9,3529554,-0.21431783,-2.63759E-06,0
Donovan Mitchell,88,SG,6,25,UTA,67,67,33.8,9.2,20.5,0.448,3.5,9.8,0.355,5.7,10.8,0.533,0.533,4,4.7,0.853,0.8,3.4,4.2,5.3,1.5,0.2,3,2.4,25.9,3635760,5.24081E-07,-2.63759E-06,0.639861003
Donte DiVincenzo,72,SG,5,25,TOT,42,1,24,2.8,8,0.351,1.8,5.2,0.339,1,2.8,0.373,0.461,1.7,2,0.843,1,3.1,4,2.8,1.1,0.2,1.7,1.6,9,2905800,5.24081E-07,-2.63759E-06,0.639861003
Dorian Finney-Smith,73,PF,7,28,DAL,80,80,33.1,4.1,8.7,0.471,2.2,5.4,0.395,1.9,3.2,0.599,0.595,0.7,1,0.675,1.5,3.2,4.7,1.9,1.1,0.5,1,2.3,11,4000000,5.24081E-07,-2.63759E-06,0.639861003
Doug McDermott,74,PF,9,30,SAS,51,51,24,4.2,9.1,0.462,2.1,5,0.422,2.1,4.1,0.512,0.578,0.8,1,0.784,0.4,1.9,2.3,1.3,0.3,0.1,0.8,1.5,11.3,7333333,5.24081E-07,-2.63759E-06,0.639861003
Draymond Green,86,PF,11,31,GSW,46,44,28.9,2.9,5.6,0.525,0.3,1.2,0.296,2.6,4.4,0.586,0.556,1.3,2,0.659,1,6.3,7.3,7,1.3,1.1,3,3,7.5,18539130,0.077255716,-0.460431273,0.688007245
Duncan Robinson,67,SG,5,27,MIA,79,68,25.9,3.7,9.2,0.399,2.9,7.9,0.372,0.7,1.3,0.569,0.559,0.6,0.8,0.836,0.3,2.3,2.6,1.6,0.5,0.2,0.8,2.5,10.9,1416852,5.24081E-07,-2.63759E-06,0.639861003
Dwight Powell,77,C,9,30,DAL,82,71,21.9,3.3,4.9,0.671,0.2,0.5,0.351,3.1,4.4,0.703,0.687,2,2.6,0.783,2.1,2.8,4.9,1.2,0.5,0.5,0.8,2.7,8.7,10259375,-0.457014885,-2.63759E-06,0
Ed Davis,77,C,13,32,CLE,31,3,6.5,0.4,0.5,0.688,0,0,0,0.4,0.5,0.688,0.688,0.2,0.5,0.429,0.5,1.6,2.1,0.2,0.1,0.3,0.2,1.1,0.9,4767000,5.24081E-07,-2.63759E-06,0.639861003
Elfrid Payton,76,PG,9,27,PHO,50,1,11,1.3,3.5,0.383,0.1,0.4,0.222,1.3,3.1,0.401,0.394,0.2,0.6,0.375,0.4,1.3,1.8,2,0.5,0.1,0.9,0.8,3,8000000,-0.46375647,-0.817478068,0.020848704
Emmanuel Mudiay,76,PG,8,25,SAC,2,0,5.5,0,1,0,0,0,0,0,1,0,0,1.5,2,0.75,0,0,0,2,0.5,0,0.5,0.5,1.5,1737145,-0.419936168,-2.63759E-06,0.075713716
Eric Bledsoe,85,PG,13,32,LAC,54,29,25.2,3.6,8.7,0.421,0.9,3,0.313,2.7,5.6,0.479,0.475,1.6,2.2,0.761,0.5,2.9,3.4,4.2,1.3,0.4,2.1,1.6,9.9,15625000,-0.38791364,-0.755689482,0.009875702
Eric Gordon,78,SG,15,33,HOU,57,46,29.3,4.7,9.9,0.475,2.2,5.3,0.412,2.5,4.6,0.548,0.585,1.8,2.4,0.778,0.3,1.7,2,2.7,0.5,0.3,1.9,1.1,13.4,14057730,-0.403082206,-2.63759E-06,0.060351513
Eric Paschall,71,PF,4,25,UTA,58,3,12.7,2,4.1,0.485,0.7,1.9,0.37,1.3,2.2,0.583,0.57,1.1,1.5,0.767,0.5,1.3,1.8,0.6,0.2,0.1,0.5,0.9,5.8,898310,5.24081E-07,-2.63759E-06,0.639861003
Evan Fournier,78,SG,11,29,NYK,80,80,29.5,5,12.1,0.417,3,7.7,0.389,2,4.3,0.465,0.541,1,1.4,0.708,0.4,2.2,2.6,2.1,1,0.3,1.3,2.3,14.1,17150000,-0.457014885,-2.63759E-06,0.023043305
Frank Jackson,71,PG,6,23,DET,53,7,22,3.7,9.1,0.402,1.6,5.3,0.308,2,3.8,0.529,0.491,1.6,2,0.827,0.4,1.3,1.6,1,0.5,0.2,0.7,1.7,10.6,1618520,5.24081E-07,-2.63759E-06,0.639861003
Frank Kaminsky,76,C,8,28,PHO,9,0,20.1,4,7.3,0.545,0.6,1.7,0.333,3.4,5.7,0.608,0.583,2,2.2,0.9,1.2,3.3,4.6,1.4,0.9,0.8,0.6,1.6,10.6,4767000,-0.392969829,-2.63759E-06,0.123446276
Frank Ntilikina,73,PG,6,23,DAL,58,5,11.8,1.5,3.8,0.399,0.7,1.9,0.342,0.9,1.9,0.455,0.484,0.4,0.4,0.96,0.2,1.2,1.4,1.2,0.5,0.1,0.5,1.1,4.1,4855800,5.24081E-07,-2.63759E-06,0.639861003
Fred VanVleet,79,PG,17,27,TOR,65,65,37.9,6.8,16.9,0.403,3.7,9.9,0.377,3.1,7,0.44,0.513,3,3.4,0.874,0.7,3.8,4.4,6.7,1.7,0.5,2.6,2.5,20.3,9346153,-0.431733942,-2.63759E-06,0
Furkan Korkmaz,73,SG,7,24,PHI,67,19,21.1,2.7,7,0.387,1.1,4,0.289,1.6,3,0.515,0.469,1,1.3,0.81,0.3,2.3,2.6,1.9,0.5,0.1,0.7,0.9,7.6,1620564,5.24081E-07,-2.63759E-06,0.639861003
Garrett Temple,73,SG,14,35,NOP,59,16,18.6,1.9,5,0.376,1,3.1,0.319,0.9,1.9,0.473,0.476,0.5,0.7,0.683,0.5,1.9,2.4,1.3,0.7,0.4,0.7,1.4,5.2,4767000,-0.487352017,-2.63759E-06,0.0021946
Gary Clark,69,PF,5,27,NOP,38,1,9.9,0.9,2.3,0.375,0.7,1.8,0.4,0.1,0.5,0.278,0.534,0.2,0.3,0.7,0.6,1.8,2.4,0.5,0.3,0.2,0.3,0.5,2.7,1427191,5.24081E-07,-2.63759E-06,0.639861003
Gary Harris,79,SG,9,27,ORL,61,30,28.4,3.9,9.1,0.434,1.9,5,0.384,2,4.1,0.494,0.539,1.4,1.6,0.874,0.6,1.4,2,1.8,1,0.1,1,1.8,11.1,17839286,-0.482295828,-2.63759E-06,0.006583801
George Hill,75,SG,15,35,MIL,54,17,23.2,2.2,5.1,0.429,0.8,2.5,0.306,1.4,2.6,0.546,0.504,1.1,1.1,0.919,0.7,2.2,2.9,2.2,0.8,0.1,0.8,1.3,6.2,10133907,-0.480610432,-0.7370285,0.036759558
Georges Niang,72,PF,7,28,PHI,76,7,22.8,3.2,7.4,0.437,2.1,5.1,0.403,1.2,2.3,0.511,0.575,0.7,0.8,0.881,0.3,2.3,2.7,1.3,0.4,0.2,0.8,2.5,9.2,1645357,5.24081E-07,-2.63759E-06,0.639861003
Giannis Antetokounmpo,96,PF,10,27,MIL,67,67,32.9,10.3,18.6,0.553,1.1,3.6,0.293,9.2,15,0.616,0.582,8.3,11.4,0.722,2,9.6,11.6,5.8,1.1,1.4,3.3,3.2,29.9,25842697,5.24081E-07,-0.736199123,0.639861003
Goga Bitadze,72,C,4,22,IND,50,16,14.6,2.6,5,0.52,0.5,1.6,0.288,2.2,3.4,0.628,0.565,1.3,1.9,0.681,1.6,2,3.5,1.1,0.4,0.8,0.9,2.1,7,2816760,5.24081E-07,-2.63759E-06,0.639861003
Gordon Hayward,80,SF,13,31,CHO,49,48,31.9,5.8,12.6,0.459,1.8,4.5,0.391,4,8.1,0.496,0.528,2.6,3,0.846,0.8,3.8,4.6,3.6,1,0.4,1.7,1.7,15.9,32700690,-0.320497791,-0.733710992,0.350038774
Gorgui Dieng,76,C,10,32,ATL,44,3,8.4,1.2,2.5,0.473,0.7,1.5,0.426,0.5,1,0.545,0.603,0.4,0.6,0.731,0.7,2,2.8,0.8,0.3,0.3,0.5,1.2,3.5,16229213,5.24081E-07,-2.63759E-06,0.639861003
Grant Williams,72,PF,4,23,BOS,77,21,24.4,2.7,5.6,0.475,1.4,3.4,0.411,1.3,2.3,0.569,0.597,1.1,1.2,0.905,0.8,2.7,3.6,1,0.5,0.7,0.8,2.4,7.8,2379840,5.24081E-07,-2.63759E-06,0.639861003
Grayson Allen,72,SG,5,26,MIL,66,61,27.3,3.9,8.6,0.448,2.4,5.9,0.409,1.5,2.7,0.533,0.588,1,1.1,0.865,0.5,2.9,3.4,1.5,0.7,0.3,0.7,1.5,11.1,2429400,5.24081E-07,-2.63759E-06,0.639861003
Hamidou Diallo,70,SG,5,23,DET,58,29,21.9,4.5,9.1,0.496,0.4,1.6,0.247,4.1,7.5,0.55,0.518,1.6,2.4,0.65,1.2,3.6,4.8,1.3,1.2,0.3,1,2.5,11,1416852,5.24081E-07,-2.63759E-06,0.639861003
Harrison Barnes,79,PF,11,29,SAC,77,77,33.6,5.1,10.8,0.469,1.8,4.7,0.394,3.2,6.2,0.525,0.554,4.4,5.4,0.826,1.1,4.5,5.6,2.4,0.7,0.2,1.5,1.2,16.4,24147727,-0.394655225,-0.590643461,0.09711107
Hassan Whiteside,81,C,13,32,UTA,65,8,17.9,3.3,5.1,0.652,0,0,0,3.3,5.1,0.652,0.652,1.6,2.6,0.623,2.6,5,7.6,0.4,0.3,1.6,0.8,2.8,8.2,27093018,0.031750018,-0.770203579,0.212876245
Ignas Brazdeikis,70,SF,4,23,ORL,42,1,12.8,1.9,4.5,0.431,0.6,2.1,0.31,1.3,2.4,0.535,0.503,0.5,0.8,0.656,0.5,1.2,1.7,0.9,0.2,0.1,0.4,1.1,5,898310,5.24081E-07,-2.63759E-06,0.639861003
Isaac Bonga,68,SF,5,22,TOR,15,0,4.6,0.2,0.9,0.231,0.1,0.3,0.25,0.1,0.6,0.222,0.269,0.3,0.5,0.625,0.3,0.2,0.5,0.3,0.5,0.1,0.1,0.7,0.8,1416852,5.24081E-07,-2.63759E-06,0.639861003
Isaiah Hartenstein,68,C,6,23,LAC,68,0,17.9,3.4,5.4,0.626,0.2,0.4,0.467,3.2,4.9,0.64,0.645,1.3,1.9,0.689,1.7,3.2,4.9,2.4,0.7,1.1,1.2,2.5,8.3,1416852,5.24081E-07,-2.63759E-06,0.639861003
Isaiah Thomas,76,PG,12,32,TOT,22,1,15.1,3,7.6,0.401,1.3,3.8,0.337,1.8,3.8,0.464,0.485,1,1.2,0.846,0.2,1.1,1.3,1.5,0.3,0.2,0.7,1.5,8.4,2320044,0.033435414,-0.573226544,0.512987858
Ivica Zubac,77,C,7,24,LAC,76,76,24.4,4.1,6.5,0.626,0,0,0,4.1,6.5,0.626,0.626,2.2,3,0.727,2.9,5.6,8.5,1.6,0.5,1,1.5,2.7,10.3,6481482,-0.345778735,-2.63759E-06,0.005486501
Ja Morant,79,PG,4,22,MEM,57,57,33.1,10.2,20.6,0.493,1.5,4.5,0.344,8.6,16.2,0.534,0.53,5.5,7.3,0.761,1.4,4.4,5.7,6.7,1.2,0.4,3.4,1.5,27.4,8730240,5.24081E-07,-2.63759E-06,0.639861003
Jabari Parker,78,PF,9,26,BOS,12,0,9.3,1.5,3.2,0.474,0.7,1.3,0.5,0.8,1.8,0.455,0.579,0.8,0.8,1,0.4,1.9,2.3,0.5,0.3,0.1,0.7,1.1,4.4,6500000,-0.069373755,-0.721685025,0.292979162
Jae Crowder,76,PF,11,31,PHO,67,67,28.1,3.2,8.1,0.399,1.9,5.4,0.348,1.3,2.7,0.503,0.516,1.1,1.3,0.789,0.4,4.8,5.3,1.9,1.4,0.4,0.8,2.6,9.4,7815533,-0.332295565,-2.63759E-06,0.060351513
Jake Layman,75,SF,7,27,MIN,34,1,6.8,0.9,2.1,0.411,0.2,1,0.229,0.6,1.1,0.579,0.466,0.4,0.5,0.722,0.2,0.9,1.1,0.3,0.2,0.1,0.3,0.4,2.4,3581986,5.24081E-07,-2.63759E-06,0.639861003
Jakob Poeltl,77,C,7,26,SAS,68,67,29,6,9.8,0.618,0,0,1,6,9.7,0.618,0.619,1.4,2.8,0.495,3.9,5.5,9.3,2.8,0.7,1.7,1.6,3.1,13.5,3754885,5.24081E-07,-2.63759E-06,0.639861003
Jalen Brunson,76,PG,5,25,DAL,79,61,31.9,6.4,12.8,0.502,1.2,3.2,0.373,5.2,9.6,0.545,0.549,2.3,2.7,0.84,0.5,3.4,3.9,4.8,0.8,0,1.6,1.9,16.3,1416852,5.24081E-07,-2.63759E-06,0.639861003
James Harden,96,PG-SG,14,32,TOT,65,65,37.2,6.3,15.3,0.41,2.3,6.9,0.33,4,8.4,0.476,0.485,7.2,8.2,0.877,0.8,6.8,7.7,10.3,1.3,0.6,4.4,2.4,22,38199000,0.592986958,1.01544508,1.063283924
James Johnson,75,PF,14,34,BRK,62,10,19.2,2.3,5,0.469,0.4,1.4,0.271,2,3.6,0.545,0.507,0.5,0.9,0.527,0.8,2.6,3.5,2.1,0.5,0.5,0.8,2.6,5.5,15349400,-0.467127262,-0.838212492,0.014264903
JaMychal Green,78,PF,11,31,DEN,67,8,16.2,2.4,4.9,0.486,0.5,1.9,0.266,1.9,3,0.621,0.537,1.2,1.4,0.871,1.2,3,4.2,0.9,0.6,0.4,0.9,2.4,6.4,4767000,5.24081E-07,-2.63759E-06,0.639861003
Jarred Vanderbilt,70,PF,5,22,MIN,74,67,25.4,2.9,4.9,0.587,0,0.2,0.143,2.8,4.7,0.605,0.59,1.2,1.8,0.656,2.9,5.5,8.4,1.3,1.3,0.6,1,2.4,6.9,1416852,5.24081E-07,-2.63759E-06,0.639861003
Jarrett Allen,79,C,6,23,CLE,56,56,32.3,6.6,9.7,0.677,0,0.2,0.1,6.6,9.6,0.688,0.678,2.9,4.2,0.708,3.4,7.3,10.8,1.6,0.8,1.3,1.7,1.7,16.1,2376840,5.24081E-07,-2.63759E-06,0.639861003
Jarrett Culver,77,SG,4,22,MEM,37,0,9.1,1.4,3.6,0.378,0.3,1.3,0.255,1.1,2.4,0.443,0.422,0.4,0.9,0.471,0.4,0.9,1.3,0.9,0.5,0.1,0.5,1.1,3.5,5813640,5.24081E-07,-2.63759E-06,0.639861003
JaVale McGee,79,C,15,34,PHO,74,17,15.8,3.9,6.2,0.629,0,0.1,0.222,3.9,6.1,0.637,0.631,1.4,2,0.699,2.2,4.5,6.7,0.6,0.3,1.1,1.3,2.4,9.2,4000000,-0.382857451,-0.758177613,0
Jaxson Hayes,74,C,4,21,NOP,70,28,20,3.5,5.7,0.616,0.3,0.8,0.351,3.2,4.9,0.66,0.641,2.1,2.7,0.766,1.6,2.9,4.5,0.6,0.5,0.8,0.8,2.2,9.3,4862040,5.24081E-07,-2.63759E-06,0.639861003
Jaylen Brown,79,SF,7,25,BOS,66,66,33.6,8.7,18.4,0.473,2.5,7,0.358,6.2,11.4,0.544,0.541,3.7,4.8,0.758,0.8,5.3,6.1,3.5,1.1,0.3,2.7,2.5,23.6,6534829,-0.153643566,-2.63759E-06,0
Jayson Tatum,85,SF,6,23,BOS,76,76,35.9,9.3,20.6,0.453,3,8.6,0.353,6.3,12,0.524,0.526,5.3,6.2,0.853,1.1,6.9,8,4.4,1,0.6,2.9,2.3,26.9,7830000,5.24081E-07,-2.63759E-06,0.639861003
Jeff Green,76,C,16,35,DEN,75,63,24.7,3.7,7.1,0.524,0.7,2.2,0.315,3,4.8,0.62,0.574,2.2,2.6,0.833,0.5,2.5,3.1,1.3,0.4,0.4,0.9,2,10.3,3405180,-0.394655225,-2.63759E-06,0.063094763
Jemerrio Jones,70,SF,5,26,LAL,2,0,7.5,1,1.5,0.667,0,0,0,1,1.5,0.667,0.667,0,0,0,1,0.5,1.5,0,0.5,0,0,1,2,195077,5.24081E-07,-2.63759E-06,0.639861003
Jerami Grant,77,PF,9,27,DET,47,47,31.9,6.3,14.9,0.426,1.9,5.4,0.358,4.4,9.5,0.465,0.491,4.6,5.5,0.838,0.6,3.5,4.1,2.4,0.9,1,1.8,2.3,19.2,9346153,-0.480610432,-2.63759E-06,0.009875702
Jeremy Lamb,79,SF-SG,11,29,TOT,56,0,16.7,2.4,6.2,0.383,1,3,0.324,1.4,3.2,0.441,0.463,1.6,1.9,0.84,0.5,2.3,2.8,1.4,0.6,0.4,0.7,1.1,7.3,10500000,5.24081E-07,-0.815404625,0.639861003
Jevon Carter,71,PG,5,26,TOT,66,3,13.7,1.5,3.8,0.387,1,2.6,0.388,0.5,1.3,0.386,0.518,0.2,0.3,0.833,0.2,1.5,1.7,1.5,0.4,0.2,0.5,1,4.2,1416852,5.24081E-07,-2.63759E-06,0.639861003
Jimmy Butler,88,SF,12,32,MIA,57,57,33.9,7,14.5,0.48,0.5,2,0.233,6.5,12.5,0.52,0.496,6.9,8,0.87,1.8,4.1,5.9,5.5,1.6,0.5,2.1,1.5,21.4,32742000,-0.389599036,-0.643723588,0.098208371
Joe Harris,78,SF,9,30,BRK,14,14,30.2,4,8.9,0.452,2.9,6.3,0.466,1.1,2.6,0.417,0.617,0.4,0.4,0.833,0.4,3.6,4,1,0.5,0.1,1.1,2.2,11.3,7666667,-0.490722809,-2.63759E-06,0
Joe Ingles,79,SF,14,34,UTA,45,15,24.9,2.6,6.3,0.404,1.7,5,0.347,0.8,1.3,0.617,0.54,0.4,0.5,0.773,0.3,2.6,2.9,3.5,0.5,0.1,1,1.8,7.2,11454546,-0.47723964,-2.63759E-06,0.09491647
Joel Embiid,91,C,9,27,PHI,68,68,33.8,9.8,19.6,0.499,1.4,3.7,0.371,8.4,15.9,0.529,0.534,9.6,11.8,0.814,2.1,9.6,11.7,4.2,1.1,1.5,3.1,2.7,30.6,27504630,9.42277774,-0.509364516,7.519249833
John Collins,84,PF,6,24,ATL,54,53,30.8,6.3,11.9,0.526,1.2,3.3,0.364,5.1,8.7,0.588,0.576,2.5,3.1,0.793,1.7,6.1,7.8,1.8,0.6,1,1.1,3,16.2,2686560,5.24081E-07,-2.63759E-06,0.639861003
Jordan Bell,74,C,6,27,CHI,1,0,2,0,0,0,0,0,0,0,0,0,0,0,0,0,1,0,1,0,1,0,0,2,0,1870564,5.24081E-07,-2.63759E-06,0.639861003
Jordan Clarkson,78,SG,9,29,UTA,79,1,27.1,5.9,14.1,0.419,2.4,7.6,0.318,3.5,6.5,0.535,0.504,1.8,2.2,0.828,0.8,2.6,3.5,2.5,0.8,0.2,1.6,1.9,16,13437500,0.114334433,-2.63759E-06,0.060900163
Jordan Poole,70,SG,4,22,GSW,76,51,30,6.2,13.9,0.448,2.8,7.6,0.364,3.5,6.3,0.55,0.548,3.2,3.5,0.925,0.4,3,3.4,4,0.8,0.3,2.5,2.7,18.5,1964760,5.24081E-07,-2.63759E-06,0.639861003
Josh Hart,75,SG-SF,6,26,TOT,54,53,33.2,5.3,10.5,0.504,1.4,3.9,0.343,4,6.6,0.601,0.569,3,3.9,0.758,1.1,6,7.2,4.1,1.1,0.2,2.1,2.8,14.9,1934160,5.24081E-07,-2.63759E-06,0.639861003
Josh Jackson,76,SF,6,24,TOT,51,3,16.3,2.4,5.9,0.4,0.6,2.5,0.254,1.7,3.3,0.512,0.455,1.1,1.5,0.714,0.4,2.4,2.8,1.1,0.5,0.4,0.9,1.7,6.4,7059480,5.24081E-07,-2.63759E-06,0.639861003
Josh Okogie,73,SG,5,23,MIN,49,6,10.5,0.9,2.1,0.404,0.3,1,0.298,0.6,1.2,0.491,0.471,0.7,1,0.686,0.6,0.8,1.4,0.5,0.5,0.2,0.5,1.1,2.7,2530680,5.24081E-07,-2.63759E-06,0.639861003
Josh Richardson,80,SG,8,28,TOT,65,7,24.6,3.6,8.2,0.438,1.6,3.8,0.415,2,4.4,0.458,0.534,1.5,1.7,0.889,0.6,2.2,2.8,1.8,0.9,0.4,1,1.8,10.2,10116576,-0.457014885,-2.63759E-06,0.04608661
Jrue Holiday,86,PG,14,31,MIL,67,64,32.9,7.1,14.2,0.501,2,4.8,0.411,5.2,9.4,0.547,0.57,2,2.7,0.761,1,3.5,4.5,6.8,1.6,0.4,2.7,2,18.3,26131111,-0.359261904,-0.784717677,0
Julius Randle,83,PF,9,27,NYK,72,72,35.3,7.1,17.3,0.411,1.7,5.4,0.308,5.4,11.9,0.458,0.459,4.2,5.6,0.756,1.7,8.2,9.9,5.1,0.7,0.5,3.4,2.8,20.1,18000000,-0.291846056,-0.689754011,0.111924624
Justin Holiday,72,SF-SG,12,32,TOT,74,65,27.8,3.5,8.9,0.394,2.4,6.5,0.367,1.1,2.4,0.467,0.528,0.7,0.8,0.806,0.4,2.2,2.6,1.7,0.8,0.4,0.9,2.1,10.1,4767000,5.24081E-07,-2.63759E-06,0.639861003
Justin Jackson,74,SF,6,26,TOT,7,0,5.3,0.7,2.1,0.333,0.4,1.3,0.333,0.3,0.9,0.333,0.433,0.3,0.3,1,0.1,0.9,1,0.3,0,0,0.1,0.4,2.1,3280920,5.24081E-07,-2.63759E-06,0.639861003
Justise Winslow,78,SF,8,25,TOT,48,11,16.1,2.3,5.4,0.428,0.3,1.4,0.227,2,4,0.497,0.457,0.8,1.4,0.591,1,3.2,4.2,1.8,0.7,0.5,1,1.4,5.7,13000000,-0.377801263,-2.63759E-06,0.09711107
Karl-Anthony Towns,89,C,8,26,MIN,74,74,33.5,8.7,16.4,0.529,2,4.9,0.41,6.6,11.5,0.58,0.591,5.2,6.3,0.822,2.6,7.2,9.8,3.6,1,1.1,3.1,3.6,24.6,27285000,-0.136789604,-0.721685025,0
Keita Bates-Diop,70,SF,5,26,SAS,59,14,16.2,2.3,4.5,0.517,0.3,0.9,0.309,2,3.5,0.572,0.549,0.8,1,0.754,1.1,2.9,3.9,0.7,0.5,0.2,0.8,1,5.7,1416852,5.24081E-07,-2.63759E-06,0.639861003
Keldon Johnson,72,SF,4,22,SAS,75,74,31.9,6.3,13.5,0.466,2.1,5.3,0.398,4.2,8.2,0.51,0.545,2.4,3.1,0.756,1.1,5,6.1,2.1,0.8,0.2,1.2,2,17,1950600,5.24081E-07,-2.63759E-06,0.639861003
Kelly Olynyk,78,C,10,30,DET,40,1,19.1,3.2,7.2,0.448,1,3,0.336,2.2,4.2,0.527,0.517,1.7,2.2,0.775,1.4,3.1,4.4,2.8,0.8,0.5,1.5,2.5,9.1,12667885,-0.43679013,-2.63759E-06,0.061997463
Kemba Walker,88,PG,12,31,NYK,37,37,25.6,4,10,0.403,2,5.4,0.367,2.1,4.6,0.444,0.501,1.6,1.9,0.845,0.4,2.6,3,3.5,0.7,0.2,1.3,1,11.6,32742000,-0.381172055,-0.698877158,0.065289364
Kenrich Williams,72,SF,5,27,OKC,49,0,21.9,3,6.5,0.461,0.8,2.5,0.339,2.1,4,0.536,0.525,0.6,1.1,0.545,1.5,3,4.5,2.2,0.9,0.2,0.9,1.7,7.4,1416852,5.24081E-07,-2.63759E-06,0.639861003
Kent Bazemore,75,SF,11,32,LAL,39,14,14,1.2,3.6,0.324,0.7,2.1,0.363,0.4,1.5,0.271,0.428,0.3,0.4,0.765,0.3,1.4,1.8,0.9,0.6,0.2,0.5,1.8,3.4,19269663,5.24081E-07,-2.63759E-06,0.639861003
Kentavious Caldwell-Pope,76,SG,10,28,WAS,77,77,30.2,4.7,10.8,0.435,2.1,5.3,0.39,2.6,5.5,0.48,0.531,1.8,2,0.89,0.5,2.9,3.4,1.9,1.1,0.3,1.3,1.8,13.2,8089282,-0.457014885,-2.63759E-06,0.009875702
Kevin Durant,96,PF,16,33,BRK,55,55,37.2,10.5,20.3,0.518,2.1,5.5,0.383,8.4,14.8,0.568,0.57,6.8,7.4,0.91,0.5,6.9,7.4,6.4,0.9,0.9,3.5,2.1,29.9,37199000,0.742987222,5.879741125,1.564201479
Kevin Huerter,76,SG,5,23,ATL,74,60,29.6,4.7,10.3,0.454,2.2,5.6,0.389,2.5,4.7,0.53,0.559,0.6,0.7,0.808,0.4,3,3.4,2.7,0.7,0.4,1.2,2.5,12.1,2636280,5.24081E-07,-2.63759E-06,0.639861003
Kevin Knox,76,SF,5,22,TOT,30,0,7.4,1,2.8,0.365,0.5,1.8,0.278,0.5,1,0.516,0.453,0.5,0.7,0.727,0.5,1,1.5,0.3,0.1,0.1,0.2,0.6,3.1,4380120,5.24081E-07,-2.63759E-06,0.639861003
Kevin Love,83,PF,15,33,CLE,74,4,22.5,4.4,10.3,0.43,2.5,6.4,0.392,1.9,3.8,0.493,0.553,2.2,2.7,0.838,1.2,6.1,7.2,2.2,0.4,0.2,1.3,1.4,13.6,28942830,0.164896319,0.21924317,0.95081065
Kevon Looney,77,C,8,25,GSW,82,80,21.1,2.5,4.4,0.571,0,0,0,2.5,4.4,0.573,0.571,0.9,1.5,0.6,2.5,4.7,7.3,2,0.6,0.6,0.8,2.6,6,4464286,-0.428363149,-2.63759E-06,0
Khem Birch,74,C,9,29,TOR,55,28,18,1.8,3.6,0.485,0,0.3,0,1.8,3.4,0.522,0.485,1,1.3,0.746,2.2,2.1,4.3,1,0.5,0.5,0.5,1.9,4.5,3000000,5.24081E-07,-2.63759E-06,0.639861003
Khris Middleton,85,SF,11,30,MIL,66,66,32.4,6.8,15.5,0.443,2.5,6.6,0.373,4.4,8.9,0.494,0.522,3.9,4.4,0.89,0.6,4.8,5.4,5.4,1.2,0.3,2.9,2.4,20.1,30603448,-0.460385677,-2.63759E-06,0.017556804
Klay Thompson,89,SG,12,31,GSW,32,32,29.4,7.7,17.9,0.429,3.6,9.3,0.385,4.1,8.7,0.477,0.529,1.4,1.6,0.902,0.5,3.4,3.9,2.8,0.5,0.5,1.3,1.7,20.4,32742000,0.267705488,-2.63759E-06,0.874548284
Kris Dunn,75,PG,7,27,POR,14,3,24,3.1,7.3,0.431,0.1,0.8,0.091,3.1,6.5,0.473,0.436,1.2,1.3,0.944,0.6,2.9,3.5,5.6,1.6,0.2,2.3,2.7,7.6,5348007,-0.332295565,-2.63759E-06,0.181054538
Kyle Anderson,74,PF,9,28,MEM,69,11,21.5,3,6.8,0.446,0.5,1.6,0.33,2.5,5.2,0.481,0.484,1,1.5,0.638,1,4.3,5.3,2.7,1.1,0.7,1,1.6,7.6,9073050,-0.451958696,-2.63759E-06,0.024140605
Kyle Kuzma,84,PF,6,26,WAS,66,66,33.4,6.4,14.2,0.452,1.9,5.7,0.341,4.5,8.5,0.526,0.52,2.4,3.3,0.712,1.1,7.4,8.5,3.5,0.6,0.9,2.6,1.9,17.1,1974600,5.24081E-07,-2.63759E-06,0.639861003
Kyle Lowry,85,PG,17,35,MIA,63,63,33.9,4.4,10,0.44,2.3,6.1,0.377,2.1,3.9,0.539,0.555,2.3,2.8,0.851,0.5,4,4.5,7.5,1.1,0.3,2.7,2.8,13.4,33296296,0.055345565,-0.593960969,0.61558543
Kyrie Irving,91,PG,12,29,BRK,29,29,37.6,10,21.2,0.469,3.4,8.2,0.418,6.5,13,0.501,0.55,4.1,4.4,0.915,0.6,3.8,4.4,5.8,1.4,0.6,2.5,2.8,27.4,31742000,1.851977933,0.60490347,1.690939656
KZ Okpala,71,PF,4,22,MIA,21,0,11.6,1.4,3.3,0.435,0.4,1.2,0.346,1,2,0.488,0.5,0.4,0.5,0.727,0.5,1.4,2,0.7,0.2,0.3,0.2,1.2,3.7,898310,5.24081E-07,-2.63759E-06,0.639861003
LaMarcus Aldridge,87,C,17,36,BRK,47,12,22.3,5.4,9.7,0.55,0.3,1,0.304,5.1,8.8,0.578,0.566,1.9,2.2,0.873,1.6,3.9,5.5,0.9,0.3,1,0.9,1.7,12.9,26000000,-0.278362886,-0.560785889,0.213973545
Landry Shamet,76,SG,5,24,PHO,69,14,20.8,2.8,7,0.394,1.8,4.8,0.368,1,2.2,0.45,0.521,1,1.2,0.84,0.2,1.6,1.8,1.6,0.4,0.1,0.6,1.3,8.3,1995120,5.24081E-07,-2.63759E-06,0.639861003
Langston Galloway,72,SG,9,30,TOT,7,0,15.3,0.9,3.7,0.231,0.3,2.3,0.125,0.6,1.4,0.4,0.269,0,0,0,0.4,2.1,2.6,1.7,0.1,0,0.9,1,2,7333333,-0.483981224,-2.63759E-06,0.015910853
Lauri Markkanen,83,PF,6,24,CLE,61,61,30.8,5.1,11.5,0.445,2.2,6.2,0.358,2.9,5.3,0.548,0.542,2.3,2.6,0.868,1,4.7,5.7,1.3,0.7,0.5,0.9,2.1,14.8,5300400,5.24081E-07,-2.63759E-06,0.639861003
LeBron James,97,SF,20,37,LAL,56,56,37.2,11.4,21.8,0.524,2.9,8,0.359,8.6,13.8,0.62,0.59,4.5,6,0.756,1.1,7.1,8.2,6.2,1.3,1.1,3.5,2.2,30.3,37436858,4.570522031,14.50526182,6.071910828
Lonzo Ball,79,PG,6,24,CHI,35,35,34.6,4.6,10.9,0.423,3.1,7.4,0.423,1.5,3.5,0.423,0.567,0.6,0.8,0.75,1,4.4,5.4,5.1,1.8,0.9,2.3,2.4,13,8719320,5.24081E-07,-2.63759E-06,0.639861003
Luke Kennard,75,SG,6,25,LAC,70,13,27.4,4.1,9.1,0.449,2.7,6,0.449,1.4,3.1,0.449,0.598,1,1.1,0.896,0.3,3,3.3,2.1,0.6,0.1,0.9,1.4,11.9,3827160,5.24081E-07,-2.63759E-06,0.639861003
Luke Kornet,71,C,6,26,TOT,15,0,6.9,0.9,1.8,0.481,0,0.3,0,0.9,1.5,0.591,0.481,0.3,0.4,0.667,0.9,1.1,1.9,0.6,0.2,0.2,0,0.6,2,2250000,5.24081E-07,-2.63759E-06,0.639861003
Malcolm Brogdon,83,PG,7,29,IND,36,36,33.5,6.8,15.1,0.448,1.6,5.2,0.312,5.1,9.9,0.518,0.501,4,4.6,0.856,0.9,4.2,5.1,5.9,0.8,0.4,2.1,2,19.1,20000000,5.24081E-07,-2.63759E-06,0.639861003
Malik Beasley,77,SG,7,25,MIN,79,18,25,4.2,10.8,0.391,3,8.1,0.377,1.2,2.7,0.432,0.532,0.6,0.8,0.817,0.3,2.5,2.9,1.5,0.5,0.2,0.5,1.1,12.1,2731713,-0.443531715,-2.63759E-06,0
Malik Monk,75,SG,6,23,LAL,76,37,28.1,5.1,10.9,0.473,2.3,5.8,0.391,2.9,5.1,0.568,0.578,1.2,1.5,0.795,0.5,2.9,3.4,2.9,0.8,0.4,1.6,1.8,13.8,4028400,5.24081E-07,-2.63759E-06,0.639861003
Marcus Morris,78,PF,12,32,LAC,54,54,29,5.6,12.8,0.434,1.9,5.1,0.367,3.7,7.7,0.478,0.507,2.4,2.7,0.872,0.5,3.9,4.4,2.1,0.5,0.3,1.3,2.1,15.4,15000000,-0.413194583,-2.63759E-06,0.006583801
Marcus Smart,82,PG,9,27,BOS,71,71,32.3,4.2,10.1,0.418,1.7,5.1,0.331,2.5,5,0.506,0.501,2,2.5,0.793,0.6,3.2,3.8,5.9,1.7,0.3,2.2,2.3,12.1,12553571,-0.460385677,-2.63759E-06,0.0010973
Markelle Fultz,74,PG,6,23,ORL,18,3,20,4.6,9.7,0.474,0.2,0.9,0.235,4.4,8.8,0.5,0.486,1.4,1.7,0.806,0.2,2.5,2.7,5.5,1.1,0.3,2.2,1.2,10.8,9745200,5.24081E-07,-2.63759E-06,0.639861003
Markieff Morris,75,PF,12,32,MIA,17,1,17.5,3.2,6.7,0.474,0.8,2.3,0.333,2.4,4.4,0.547,0.531,0.5,0.5,0.889,1,1.6,2.6,1.4,0.4,0.1,1.2,1.9,7.6,3709887,-0.430048545,-2.63759E-06,0.009875702
Mason Plumlee,77,C,10,31,CHO,73,73,24.6,2.8,4.4,0.641,0,0,0,2.8,4.4,0.645,0.641,0.9,2.3,0.392,2.4,5.3,7.7,3.1,0.8,0.7,1.4,3.1,6.5,14041096,5.24081E-07,-2.63759E-06,0.639861003
Matisse Thybulle,72,SG,4,24,PHI,66,50,25.5,2.3,4.5,0.5,0.7,2.2,0.313,1.6,2.4,0.673,0.575,0.5,0.7,0.791,0.6,1.7,2.3,1.1,1.7,1.1,0.6,2.4,5.7,2582160,5.24081E-07,-2.63759E-06,0.639861003
Matt Thomas,72,SG,6,27,CHI,40,0,11.5,1.4,3.4,0.41,0.9,2.3,0.385,0.5,1.1,0.465,0.541,0.4,0.5,0.8,0.1,1.2,1.3,0.5,0.2,0.1,0.2,0.5,4,898310,5.24081E-07,-2.63759E-06,0.639861003
Maxi Kleber,74,PF,9,30,DAL,59,21,24.6,2.4,6,0.398,1.4,4.3,0.325,1,1.7,0.586,0.516,0.8,1.1,0.708,1.2,4.7,5.9,1.2,0.5,1,0.8,2.3,7,8000000,5.24081E-07,-2.63759E-06,0.639861003
Melvin Frazier,70,SG,5,25,OKC,3,0,40,4.3,16,0.271,0.3,7,0.048,4,9,0.444,0.281,1.7,2.3,0.714,1.7,2.7,4.3,0.3,0.3,0,1,2.7,10.7,1416852,5.24081E-07,-2.63759E-06,0.639861003
Mikal Bridges,75,SF,5,25,PHO,82,82,34.8,5.6,10.5,0.534,1.4,3.8,0.369,4.2,6.7,0.628,0.601,1.6,1.9,0.834,0.9,3.3,4.2,2.3,1.2,0.4,0.8,1.8,14.2,4161000,5.24081E-07,-2.63759E-06,0.639861003
Mike Conley,87,PG,16,34,UTA,72,72,28.6,4.8,11,0.435,2.3,5.8,0.408,2.4,5.2,0.464,0.542,1.8,2.3,0.796,0.7,2.4,3,5.3,1.3,0.3,1.7,2,13.7,32511623,-0.18735149,-0.696389027,0.282554809
Mike Muscala,73,C,10,30,OKC,43,0,13.8,2.6,5.8,0.456,1.6,3.8,0.429,1,2,0.506,0.597,1.1,1.3,0.842,0.5,2.5,3,0.5,0.4,0.6,0.3,1.3,8,2028594,5.24081E-07,-2.63759E-06,0.639861003
Miles Bridges,76,PF,5,23,CHO,80,80,35.5,7.5,15.2,0.491,1.9,5.8,0.331,5.5,9.4,0.59,0.554,3.3,4.2,0.802,1.1,5.9,7,3.8,0.9,0.8,1.9,2.4,20.2,3755400,5.24081E-07,-2.63759E-06,0.639861003
Mitchell Robinson,79,C,5,23,NYK,72,62,25.7,3.6,4.8,0.761,0,0,0,3.6,4.8,0.761,0.761,1.2,2.5,0.486,4.1,4.5,8.6,0.5,0.8,1.8,0.8,2.7,8.5,1559712,5.24081E-07,-2.63759E-06,0.639861003
Miye Oni,69,SG,4,24,UTA,16,0,2.8,0.1,0.6,0.222,0.1,0.5,0.125,0.1,0.1,1,0.278,0,0.1,0,0.1,0.4,0.4,0.3,0,0,0.1,0.4,0.3,898310,5.24081E-07,-2.63759E-06,0.639861003
Mo Bamba,77,C,5,23,ORL,71,69,25.7,4.2,8.7,0.48,1.5,4,0.381,2.7,4.7,0.563,0.566,0.8,1,0.781,2.1,6,8.1,1.2,0.5,1.7,1.1,2.6,10.6,5697600,5.24081E-07,-2.63759E-06,0.639861003
Monte Morris,77,PG,6,26,DEN,75,74,29.9,5,10.3,0.484,1.7,4.2,0.395,3.3,6.1,0.545,0.564,1,1.1,0.869,0.4,2.7,3,4.4,0.7,0.2,1,1.2,12.6,1588231,5.24081E-07,-2.63759E-06,0.639861003
Montrezl Harrell,83,C,8,28,TOT,71,3,23.1,5,7.8,0.645,0.1,0.2,0.235,5,7.6,0.658,0.649,3,4.2,0.716,2.1,4,6.1,2,0.4,0.6,1,1.9,13.1,6000000,-0.47723964,-2.63759E-06,0.012070303
Moritz Wagner,71,C,5,24,ORL,63,3,15.2,3.1,6.3,0.497,1,3.2,0.328,2.1,3.1,0.672,0.581,1.7,2,0.806,0.7,3,3.7,1.4,0.3,0.2,0.9,2,9,2063520,5.24081E-07,-2.63759E-06,0.639861003
Myles Turner,82,C,8,25,IND,42,42,29.4,4.8,9.4,0.509,1.5,4.4,0.333,3.3,5,0.662,0.587,1.9,2.5,0.752,1.5,5.5,7.1,1,0.7,2.8,1.3,2.8,12.9,18000000,-0.386228244,-2.63759E-06,0.058156912
Nassir Little,73,SF,4,21,POR,42,23,25.9,3.5,7.5,0.46,1.2,3.7,0.331,2.2,3.8,0.584,0.541,1.6,2.2,0.734,1.4,4.2,5.6,1.3,0.6,0.9,1,2,9.8,2105520,5.24081E-07,-2.63759E-06,0.639861003
Naz Reid,70,C,4,22,MIN,77,6,15.8,3,6.2,0.489,0.7,2.2,0.343,2.3,4,0.568,0.549,1.5,1.9,0.765,1.3,2.6,3.9,0.9,0.5,0.9,1.1,2.2,8.3,898310,5.24081E-07,-2.63759E-06,0.639861003
Nemanja Bjelica,77,C,13,33,GSW,71,0,16.1,2.3,4.8,0.468,0.8,2.1,0.362,1.5,2.7,0.549,0.547,0.8,1.1,0.728,0.9,3.3,4.1,2.2,0.6,0.4,1.2,1.8,6.1,6825000,5.24081E-07,-2.63759E-06,0.639861003
Nerlens Noel,77,C,10,27,NYK,25,11,22.5,1.3,2.4,0.533,0,0.1,0,1.3,2.3,0.561,0.533,0.8,1.2,0.7,1.9,3.7,5.6,0.9,1.2,1.2,0.8,2.7,3.4,1882867,-0.274992093,-0.736613811,0.115216524
Nickeil Alexander-Walker,72,SG,4,23,TOT,65,21,22.6,3.9,10.5,0.372,1.6,5.2,0.311,2.3,5.3,0.433,0.449,1.2,1.7,0.743,0.6,2.3,2.9,2.4,0.7,0.4,1.4,1.6,10.6,2964840,5.24081E-07,-2.63759E-06,0.639861003
Nicolas Batum,77,PF,15,33,LAC,59,54,24.8,3,6.6,0.463,1.8,4.6,0.4,1.2,2,0.607,0.602,0.4,0.6,0.658,0.5,3.8,4.3,1.7,1,0.7,0.7,1.4,8.3,25565217,-0.268250509,-0.460016585,0.125640876
Norman Powell,74,SF-SG,8,28,TOT,45,41,32.4,6.2,13.4,0.461,2.4,5.6,0.419,3.8,7.8,0.491,0.549,4.2,5.2,0.811,0.4,2.8,3.2,2.1,0.9,0.5,1.5,2.4,19,10116576,-0.430048545,-2.63759E-06,0.053767711
OG Anunoby,73,SF,6,24,TOR,48,48,36,6.4,14.5,0.443,2.4,6.6,0.363,4,7.9,0.511,0.526,1.9,2.5,0.754,1.5,4,5.5,2.6,1.5,0.5,1.7,2.7,17.1,2281800,5.24081E-07,-2.63759E-06,0.639861003
Pascal Siakam,87,PF,7,27,TOR,68,68,37.9,8.8,17.8,0.494,1.1,3.2,0.344,7.7,14.5,0.527,0.525,4.2,5.6,0.749,1.9,6.6,8.5,5.3,1.3,0.6,2.7,3.3,22.8,2351838,5.24081E-07,-2.63759E-06,0.639861003
Pat Connaughton,74,SG,8,29,MIL,65,19,26,3.5,7.6,0.458,2.2,5.7,0.395,1.2,1.9,0.643,0.605,0.7,0.8,0.833,0.7,3.5,4.2,1.3,0.9,0.2,0.5,1.3,9.9,1723050,5.24081E-07,-2.63759E-06,0.639861003
Patrick Beverley,79,PG,14,33,MIN,58,54,25.4,3.1,7.5,0.406,1.4,4.2,0.343,1.6,3.3,0.485,0.501,1.7,2.3,0.722,1.1,3.1,4.1,4.6,1.2,0.9,1.3,3,9.2,12345680,-0.318812395,-2.63759E-06,0.2353709
Paul George,93,SF,13,31,LAC,31,31,34.7,8.6,20.5,0.421,2.9,8.3,0.354,5.7,12.2,0.467,0.493,4.1,4.8,0.858,0.4,6.5,6.9,5.7,2.2,0.4,4.1,2.4,24.3,33005556,-0.059261378,-0.133242051,0.250733103
Paul Millsap,82,PF,6,36,TOT,33,1,11.4,1.4,3.5,0.391,0.2,1.1,0.229,1.1,2.4,0.463,0.426,0.5,0.7,0.708,1.2,2.2,3.5,0.9,0.3,0.4,0.6,2,3.5,30350000,-0.382857451,-0.81125774,0.065838014
Rajon Rondo,76,PG,17,35,TOT,39,1,17.9,1.7,4.5,0.386,0.8,2.3,0.352,0.9,2.3,0.42,0.474,0.5,0.7,0.731,0.4,2.4,2.8,4.4,0.8,0.2,1.7,1.4,4.8,2564753,-0.241284169,-2.63759E-06,0.203549193
Raul Neto,72,PG,10,29,WAS,70,19,19.6,2.9,6.3,0.463,0.5,1.7,0.292,2.4,4.6,0.526,0.502,1.2,1.5,0.769,0.2,1.7,1.9,3.1,0.8,0,1.1,1.5,7.5,1737145,5.24081E-07,-2.63759E-06,0.639861003
Reggie Bullock,74,SF,10,30,DAL,68,37,28,3,7.4,0.401,2.1,5.8,0.36,0.9,1.6,0.55,0.542,0.6,0.7,0.833,0.5,3.1,3.5,1.2,0.6,0.2,0.6,1.6,8.6,4000000,-0.446902508,-2.63759E-06,0.021946005
Reggie Jackson,80,SG,12,31,LAC,75,75,31.2,6.4,16.3,0.392,2.2,6.8,0.326,4.2,9.5,0.439,0.46,1.8,2.2,0.847,0.5,3.1,3.6,4.8,0.7,0.2,2.3,2.1,16.8,17799677,-0.458700281,-2.63759E-06,0.040600109
Richaun Holmes,75,C,8,28,SAC,45,37,23.9,4.4,6.7,0.66,0,0.1,0.4,4.4,6.6,0.664,0.663,1.6,2,0.778,2.1,5,7,1.1,0.4,0.9,1.2,2.8,10.4,4767000,-0.47723964,-0.834065607,0.027432506
Ricky Rubio,78,PG,14,31,CLE,34,8,28.5,4.4,12.1,0.363,1.7,5.1,0.339,2.6,7,0.38,0.434,2.6,3,0.854,0.4,3.7,4.1,6.6,1.4,0.2,2.6,2.2,13.1,16200000,-0.234542584,0.086542851,0.288041311
RJ Barrett,78,SF,4,21,NYK,70,70,34.5,7,17.1,0.408,2,5.8,0.342,5,11.3,0.442,0.466,4.1,5.8,0.714,0.9,4.9,5.8,3,0.6,0.2,2.2,2,20,7839960,5.24081E-07,-2.63759E-06,0.639861003
Robert Covington,80,PF-SF,10,31,TOT,71,42,27.3,2.9,7,0.42,1.8,4.8,0.378,1.1,2.2,0.509,0.548,0.8,1,0.841,0.8,4.7,5.5,1.3,1.5,1.3,1.1,2.7,8.5,11301219,-0.440160923,-2.63759E-06,0.041697409
Robert Williams,74,C,5,24,BOS,61,61,29.6,4.4,6,0.736,0,0,0,4.4,6,0.738,0.736,1.1,1.5,0.722,3.9,5.7,9.6,2,0.9,2.2,1,2.2,10,1937520,5.24081E-07,-2.63759E-06,0.639861003
Robin Lopez,75,C,15,33,ORL,36,9,17,3.1,5.5,0.553,0.1,0.2,0.333,3,5.4,0.56,0.558,0.9,1.5,0.593,1.9,1.6,3.5,1.5,0.1,0.5,1.2,1.9,7.1,4767000,5.24081E-07,-2.63759E-06,0.639861003
Rodney Hood,76,SF-SG,9,29,TOT,52,0,13.6,1.1,3,0.369,0.6,1.8,0.33,0.5,1.3,0.424,0.465,0.3,0.4,0.895,0.3,1.2,1.5,0.7,0.3,0.1,0.2,0.6,3.1,5718000,5.24081E-07,-2.63759E-06,0.639861003
Rodney McGruder,72,SG,10,30,DET,51,2,14.8,1.9,4.4,0.436,1.1,2.9,0.397,0.8,1.5,0.506,0.564,0.4,0.5,0.731,0.6,1.6,2.2,0.9,0.4,0.1,0.5,1.1,5.4,4807693,5.24081E-07,-2.63759E-06,0.639861003
Romeo Langford,72,SG,4,22,TOT,48,5,16.1,1.7,4,0.435,0.6,1.8,0.341,1.1,2.2,0.509,0.51,0.5,0.9,0.548,0.6,1.6,2.3,0.4,0.5,0.3,0.3,1,4.5,3458400,5.24081E-07,-2.63759E-06,0.639861003
Royce O'Neale,73,SF,8,28,UTA,77,77,31.2,2.6,5.8,0.457,1.5,4,0.389,1.1,1.8,0.609,0.591,0.6,0.7,0.804,0.8,3.9,4.8,2.5,1.1,0.4,1,2.4,7.4,1618520,5.24081E-07,-2.63759E-06,0.639861003
Rudy Gay,81,PF,17,35,UTA,55,1,18.9,2.9,6.9,0.414,1.3,3.7,0.345,1.6,3.2,0.494,0.507,1.1,1.4,0.785,1,3.4,4.4,1,0.5,0.3,0.9,1.7,8.1,14500000,5.24081E-07,-0.838212492,0.639861003
Rudy Gobert,88,C,10,29,UTA,66,66,32.1,5.5,7.7,0.713,0,0.1,0,5.5,7.6,0.718,0.713,4.6,6.7,0.69,3.7,11,14.7,1.1,0.7,2.1,1.8,2.7,15.6,25258427,0.269390885,-0.757348236,0.802126469
Rui Hachimura,74,PF,4,23,WAS,42,13,22.5,4.5,9.1,0.491,1.3,2.9,0.447,3.1,6.1,0.512,0.563,1.1,1.6,0.697,0.6,3.2,3.8,1.1,0.5,0.2,0.8,1.3,11.3,4469160,5.24081E-07,-2.63759E-06,0.639861003
Russell Westbrook,90,PG,15,33,LAL,78,78,34.3,7,15.8,0.444,1,3.4,0.298,6,12.4,0.485,0.476,3.4,5.1,0.667,1.4,6,7.4,7.1,1,0.3,3.8,3,18.5,38506482,1.393550161,1.027885735,2.337798142
Ryan Arcidiacono,72,PG,7,27,NYK,10,0,7.6,0.6,1.2,0.5,0.4,0.9,0.444,0.2,0.3,0.667,0.667,0,0,0,0,0.8,0.8,0.4,0.1,0,0.3,0.5,1.6,3000000,5.24081E-07,-2.63759E-06,0.639861003
Sekou Doumbouya,73,PF,4,21,LAL,2,0,8,2.5,4,0.625,0.5,1,0.5,2,3,0.667,0.688,1.5,2,0.75,1,2,3,0,1.5,1,1,0.5,7,3285120,5.24081E-07,-2.63759E-06,0.639861003
Semi Ojeleye,73,PF,6,27,TOT,30,0,13.5,1,3.3,0.303,0.5,1.7,0.3,0.5,1.6,0.306,0.379,0.8,1,0.793,0.9,1.6,2.5,0.3,0.2,0.2,0.3,1,3.3,1618520,5.24081E-07,-2.63759E-06,0.639861003
Serge Ibaka,81,C-PF,15,32,TOT,54,12,16.2,2.7,5.5,0.5,0.7,1.8,0.374,2.1,3.6,0.563,0.563,0.6,0.8,0.727,1.1,3.5,4.6,0.9,0.2,0.6,0.8,1.9,6.8,23271604,5.24081E-07,-2.63759E-06,0.639861003
Seth Curry,74,SG,10,31,TOT,64,64,33.4,5.6,11.5,0.487,2.5,5.8,0.422,3.2,5.7,0.553,0.594,1.3,1.5,0.872,0.3,2.8,3.1,3.6,0.8,0.2,1.7,2.3,15,7461380,-0.372745074,-2.63759E-06,0.033467657
Shai Gilgeous-Alexander,79,PG,5,23,OKC,56,56,34.7,8.5,18.8,0.453,1.6,5.3,0.3,6.9,13.5,0.514,0.496,5.9,7.2,0.81,0.7,4.3,5,5.9,1.3,0.8,2.8,2.5,24.5,3952920,5.24081E-07,-2.63759E-06,0.639861003
Shake Milton,71,PG,5,25,PHI,55,6,21.4,3.1,7.3,0.429,0.8,2.4,0.323,2.4,4.9,0.481,0.483,1.1,1.3,0.836,0.5,2,2.6,2.5,0.5,0.3,0.8,1.8,8.2,1445697,5.24081E-07,-2.63759E-06,0.639861003
Shaquille Harrison,73,SG,7,28,BRK,2,0,11.5,1,3,0.333,0,1,0,1,2,0.5,0.333,0,0,0,0.5,1.5,2,1.5,0.5,0.5,1,1.5,2,1620564,5.24081E-07,-2.63759E-06,0.639861003
Solomon Hill,70,PF,10,30,ATL,13,1,10.7,0.2,1.5,0.15,0.2,1,0.154,0.1,0.5,0.143,0.2,0,0,0,0.5,1.3,1.8,0.9,0.3,0.2,0.1,1.2,0.6,13290395,5.24081E-07,-2.63759E-06,0.639861003
Spencer Dinwiddie,82,PG,9,28,TOT,67,51,29.6,4.6,11,0.416,1.7,4.9,0.339,2.9,6,0.479,0.493,2.9,3.8,0.774,0.7,3.5,4.2,5.2,0.7,0.2,1.6,2.2,13.7,10605600,-0.467127262,-2.63759E-06,0
Stanley Johnson,73,PF,8,25,LAL,48,27,22.8,2.4,5.2,0.466,0.7,2.2,0.314,1.8,3,0.575,0.532,1.1,1.5,0.716,0.7,2.5,3.2,1.7,0.9,0.3,0.7,2.3,6.7,3623000,-0.426677753,-2.63759E-06,0
Stephen Curry,95,PG,14,33,GSW,64,64,34.5,8.4,19.1,0.437,4.5,11.7,0.38,3.9,7.4,0.527,0.554,4.3,4.7,0.923,0.5,4.7,5.2,6.3,1.3,0.4,3.2,2,25.5,40231758,9.260979703,3.126209519,13.47265224
Sterling Brown,73,SG,6,26,DAL,49,3,12.8,1.2,3.2,0.381,0.6,1.9,0.304,0.6,1.3,0.492,0.471,0.3,0.3,0.933,0.5,2.5,3,0.7,0.3,0.1,0.5,1.1,3.3,1618520,5.24081E-07,-2.63759E-06,0.639861003
Steven Adams,82,C,10,28,MEM,76,75,26.3,2.8,5.1,0.547,0,0,0,2.8,5,0.548,0.547,1.4,2.6,0.543,4.6,5.4,10,3.4,0.9,0.8,1.5,2,6.9,25842697,-0.157014358,-2.63759E-06,0.039502808
Taj Gibson,77,C,14,36,NYK,52,4,18.2,1.7,3.2,0.518,0.3,0.7,0.395,1.4,2.5,0.555,0.563,0.8,1,0.808,1.7,2.7,4.4,0.6,0.4,0.8,0.5,2.6,4.4,9000000,-0.433419338,-2.63759E-06,0.057059612
Talen Horton-Tucker,70,SG,4,21,LAL,60,19,25.2,3.7,9,0.416,0.8,3,0.269,2.9,5.9,0.492,0.462,1.7,2.1,0.8,0.6,2.6,3.2,2.7,1,0.5,1.4,2.5,10,898310,5.24081E-07,-2.63759E-06,0.639861003
Taurean Prince,77,PF,7,27,MIN,69,8,17.1,2.6,5.7,0.454,1.2,3.3,0.376,1.3,2.3,0.565,0.564,0.9,1.2,0.756,0.4,2.1,2.5,1,0.7,0.3,0.8,1.7,7.3,3481985,5.24081E-07,-2.63759E-06,0.639861003
Terance Mann,69,SF,4,25,LAC,81,33,28.6,4.1,8.5,0.484,0.9,2.6,0.365,3.2,6,0.535,0.539,1.6,2,0.78,1.3,4,5.2,2.6,0.7,0.3,1,2.2,10.8,1000000,5.24081E-07,-2.63759E-06,0.639861003
Terrence Ross,79,SG,11,30,ORL,63,0,23,3.5,8.8,0.397,1.2,4.2,0.292,2.3,4.6,0.493,0.467,1.8,2.1,0.862,0.3,2.2,2.6,1.8,0.4,0.2,1.2,1.1,10,12500000,-0.490722809,-2.63759E-06,0
Terry Rozier,78,SG,8,27,CHO,73,73,33.7,7.1,16,0.444,3,8.1,0.374,4.1,7.9,0.516,0.539,2.1,2.4,0.852,0.8,3.5,4.3,4.5,1.3,0.3,1.3,1.6,19.3,19894737,-0.470498055,-2.63759E-06,0.0021946
Thaddeus Young,79,PF,16,33,TOT,52,1,16.3,2.7,5.2,0.518,0.3,0.9,0.354,2.4,4.3,0.554,0.55,0.4,0.9,0.469,1.5,2.5,4,2,1,0.3,1,1.6,6.2,12900000,-0.485666621,-2.63759E-06,0
Thanasis Antetokounmpo,70,SF,9,29,MIL,48,6,9.9,1.5,2.7,0.547,0,0.3,0.143,1.4,2.4,0.596,0.555,0.6,1,0.63,0.8,1.3,2.1,0.5,0.3,0.3,0.5,1.4,3.6,1445697,5.24081E-07,-2.63759E-06,0.639861003
Theo Pinson,69,SF,5,26,DAL,19,0,7.8,0.7,2.1,0.359,0.5,1.6,0.333,0.2,0.5,0.444,0.487,0.5,0.5,1,0.1,1,1.1,0.9,0.3,0.1,0.3,0.6,2.5,1445697,5.24081E-07,-2.63759E-06,0.639861003
Thomas Bryant,78,C,6,24,WAS,27,9,16.3,2.9,5.5,0.52,0.4,1.6,0.286,2.4,3.9,0.613,0.561,1.3,1.5,0.875,1,3,4,0.9,0.2,0.8,0.7,1.6,7.4,8000000,5.24081E-07,-2.63759E-06,0.639861003
Tim Frazier,72,PG,9,31,TOT,12,3,17.3,1.2,3.8,0.311,0.5,1.4,0.353,0.7,2.3,0.286,0.378,0.4,0.8,0.556,0.4,1.2,1.6,2.8,0.3,0.1,1.3,2.3,3.3,1620564,5.24081E-07,-2.63759E-06,0.639861003
Tobias Harris,85,PF,12,29,PHI,73,73,34.8,6.8,14,0.482,1.4,3.8,0.367,5.4,10.2,0.525,0.532,2.3,2.8,0.842,1.1,5.7,6.8,3.5,0.6,0.6,1.6,2.2,17.2,32742000,-0.47723964,-0.829089345,0.0021946
Tony Bradley,70,C,6,24,CHI,55,7,10,1.3,2.2,0.585,0,0,0,1.3,2.2,0.585,0.585,0.3,0.5,0.655,1.2,2.2,3.4,0.5,0.2,0.6,0.6,1.1,3,1962360,5.24081E-07,-2.63759E-06,0.639861003
Tony Snell,73,SG,10,30,TOT,53,12,15.5,1.3,3.2,0.404,0.8,2.4,0.352,0.5,0.8,0.558,0.535,0.1,0.1,1,0.3,1.6,1.9,0.5,0.3,0.2,0.4,1.3,3.5,11392857,5.24081E-07,-2.63759E-06,0.639861003
Torrey Craig,74,SF,9,31,TOT,78,16,20.5,2.6,5.7,0.454,1,3,0.329,1.6,2.7,0.594,0.541,0.5,0.7,0.75,1.1,2.9,4,1.2,0.6,0.5,0.9,1.9,6.6,2000000,5.24081E-07,-2.63759E-06,0.639861003
Trae Young,85,PG,5,23,ATL,76,76,34.9,9.4,20.3,0.46,3.1,8,0.382,6.3,12.3,0.512,0.536,6.6,7.3,0.904,0.7,3.1,3.7,9.7,0.9,0.1,4,1.7,28.4,6273000,5.24081E-07,-2.63759E-06,0.639861003
Trevor Ariza,76,SF,19,36,LAL,24,11,19.3,1.4,4.1,0.333,0.8,3.1,0.27,0.5,1,0.52,0.434,0.4,0.8,0.556,0.4,3,3.4,1.1,0.5,0.3,0.5,0.8,4,12200000,-0.440160923,-2.63759E-06,0.010973002
Trey Lyles,75,PF,8,26,TOT,75,23,20.5,3.5,7.5,0.466,0.9,2.8,0.321,2.6,4.7,0.552,0.526,2.6,3.2,0.802,1.2,3.9,5.1,1.2,0.4,0.4,1,1.6,10.5,5500000,-0.4502733,-2.63759E-06,0.052670411
Tristan Thompson,79,PF,12,30,TOT,57,6,15.7,2.5,4.7,0.528,0,0.1,0.333,2.5,4.6,0.53,0.53,1.1,2,0.526,2.1,2.9,5.1,0.6,0.4,0.4,0.8,1.7,6,18539130,0.220514394,-2.63759E-06,0.403806485
Ty Jerome,72,SG,4,24,OKC,48,4,16.7,2.6,6.8,0.378,1.1,3.9,0.29,1.5,3,0.493,0.46,0.8,1,0.809,0.4,1.2,1.6,2.3,0.6,0.1,0.8,1.5,7.1,2193480,5.24081E-07,-2.63759E-06,0.639861003
Tyler Herro,73,SG,4,22,MIA,66,10,32.6,7.6,17,0.447,2.7,6.7,0.399,4.9,10.3,0.477,0.525,2.9,3.3,0.868,0.5,4.5,5,4,0.7,0.1,2.6,1.4,20.7,3640200,5.24081E-07,-2.63759E-06,0.639861003
Tyler Johnson,74,PG,9,29,TOT,6,0,15.2,1,3.3,0.3,0.8,2.2,0.385,0.2,1.2,0.143,0.425,0,0,0,0.5,1.5,2,1.2,0.5,0.5,0.3,1.2,2.8,19428485,-0.470498055,-2.63759E-06,0.003291901
Tyrone Wallace,69,SG,7,27,NOP,6,0,12.5,1.2,3.3,0.35,0.3,1.3,0.25,0.8,2,0.417,0.4,0.2,0.8,0.2,0,1.3,1.3,0.2,0.5,0.2,0.3,1.2,2.8,502491,5.24081E-07,-2.63759E-06,0.639861003
Tyus Jones,73,PG,8,25,MEM,73,23,21.2,3.4,7.6,0.451,1.1,2.8,0.39,2.3,4.8,0.487,0.524,0.7,0.9,0.818,0.2,2.2,2.4,4.4,0.9,0,0.6,0.4,8.7,10116000,-0.443531715,-2.63759E-06,0
Victor Oladipo,87,SG,10,29,MIA,8,1,21.6,4.4,9.1,0.479,1.9,4.5,0.417,2.5,4.6,0.541,0.582,1.8,2.4,0.737,0.4,2.5,2.9,3.5,0.6,0.1,2,1.6,12.4,21000000,-0.396340621,-2.63759E-06,0.085589418
Wayne Ellington,75,SG,14,34,LAL,43,9,18.8,2.3,5.5,0.414,1.9,4.9,0.389,0.4,0.6,0.615,0.586,0.2,0.3,0.818,0.2,1.6,1.8,0.7,0.5,0.1,0.4,1,6.7,8000000,-0.4502733,-2.63759E-06,0.019751404
Wesley Matthews,76,SG,14,35,MIL,49,14,20.4,1.8,4.5,0.395,1.1,3.2,0.338,0.7,1.3,0.54,0.516,0.4,0.6,0.786,0.6,1.3,1.9,0.7,0.5,0.2,0.4,1.8,5.1,2564753,5.24081E-07,-2.63759E-06,0.639861003
Will Barton,78,SG,11,31,DEN,71,71,32.1,5.5,12.6,0.438,2.2,6.1,0.365,3.3,6.6,0.504,0.525,1.4,1.8,0.803,0.6,4.2,4.8,3.9,0.8,0.4,1.8,1.6,14.7,12776786,-0.480610432,-2.63759E-06,0.0010973
Willie Cauley-Stein,79,C,8,28,TOT,20,2,9.2,0.8,1.8,0.457,0.1,0.1,0.5,0.8,1.7,0.455,0.471,0.1,0.1,0.5,0.7,1.4,2,0.5,0.3,0.2,0.4,1,1.7,2177483,-0.433419338,-2.63759E-06,0
Zach Collins,74,PF,6,24,SAS,28,4,17.9,2.7,5.5,0.49,0.5,1.5,0.341,2.2,4.1,0.544,0.535,1.9,2.3,0.8,1.6,3.8,5.5,2.2,0.5,0.8,1.6,2.4,7.8,4240200,5.24081E-07,-2.63759E-06,0.639861003
Zach LaVine,85,SF,9,26,CHI,67,67,34.7,8.4,17.7,0.476,2.8,7.1,0.389,5.7,10.6,0.534,0.554,4.8,5.6,0.853,0.3,4.3,4.6,4.5,0.6,0.3,2.6,1.8,24.4,19500000,-0.264879716,-2.63759E-06,0.195868091
