Rk,Age,G,GS,MP,FG,FGA,FG%,3P,3PA,3P%,2P,2PA,2P%,eFG%,FT,FTA,FT%,ORB,DRB,TRB,AST,STL,BLK,TOV,PF,PTS,salary,Pos_C,Pos_C-PF,Pos_PF,Pos_PF-SF,Pos_PG,Pos_PG-SG,Pos_SF,Pos_SF-SG,Pos_SG,Pos_SG-SF
2,28,76,75,26.3,2.8,5.1,0.547,0.0,0.0,0.0,2.8,5.0,0.548,0.547,1.4,2.6,0.543,4.6,5.4,10.0,3.4,0.9,0.8,1.5,2.0,6.9,0.6406030509871685,1,0,0,0,0,0,0,0,0,0
3,24,56,56,32.6,7.3,13.0,0.557,0.0,0.1,0.0,7.3,12.9,0.562,0.557,4.6,6.1,0.753,2.4,7.6,10.1,3.4,1.4,0.8,2.6,3.1,19.1,0.08140042877180552,1,0,0,0,0,0,0,0,0,0
5,36,47,12,22.3,5.4,9.7,0.55,0.3,1.0,0.304,5.1,8.8,0.578,0.566,1.9,2.2,0.873,1.6,3.9,5.5,0.9,0.3,1.0,0.9,1.7,12.9,0.6445320230215886,1,0,0,0,0,0,0,0,0,0
6,23,65,21,22.6,3.9,10.5,0.372,1.6,5.2,0.311,2.3,5.3,0.433,0.449,1.2,1.7,0.743,0.6,2.3,2.9,2.4,0.7,0.4,1.4,1.6,10.6,0.06918063462852976,0,0,0,0,0,0,0,0,1,0
6,23,50,19,26.3,4.7,12.6,0.375,1.9,6.1,0.311,2.8,6.5,0.434,0.45,1.4,1.9,0.722,0.7,2.6,3.3,2.8,0.8,0.4,1.7,1.8,12.8,0.06918063462852976,0,0,0,0,0,0,0,0,1,0
6,23,15,2,9.9,1.1,3.2,0.333,0.7,2.2,0.303,0.4,1.0,0.4,0.438,0.7,0.8,0.917,0.1,1.5,1.5,1.1,0.3,0.3,0.5,1.0,3.5,0.06918063462852976,0,0,0,0,0,0,0,0,1,0
7,26,66,61,27.3,3.9,8.6,0.448,2.4,5.9,0.409,1.5,2.7,0.533,0.588,1.0,1.1,0.865,0.5,2.9,3.4,1.5,0.7,0.3,0.7,1.5,11.1,0.05580689867873913,0,0,0,0,0,0,0,0,1,0
8,23,56,56,32.3,6.6,9.7,0.677,0.0,0.2,0.1,6.6,9.6,0.688,0.678,2.9,4.2,0.708,3.4,7.3,10.8,1.6,0.8,1.3,1.7,1.7,16.1,0.054494102545613106,1,0,0,0,0,0,0,0,0,0
11,28,69,11,21.5,3.0,6.8,0.446,0.5,1.6,0.33,2.5,5.2,0.481,0.484,1.0,1.5,0.638,1.0,4.3,5.3,2.7,1.1,0.7,1.0,1.6,7.6,0.2217459783941631,0,0,1,0,0,0,0,0,0,0
12,27,67,67,32.9,10.3,18.6,0.553,1.1,3.6,0.293,9.2,15.0,0.616,0.582,8.3,11.4,0.722,2.0,9.6,11.6,5.8,1.1,1.4,3.3,3.2,29.9,0.6406030509871685,0,0,1,0,0,0,0,0,0,0
13,29,48,6,9.9,1.5,2.7,0.547,0.0,0.3,0.143,1.4,2.4,0.596,0.555,0.6,1.0,0.63,0.8,1.3,2.1,0.5,0.3,0.3,0.5,1.4,3.6,0.031236855023022515,0,0,0,0,0,0,1,0,0,0
16,24,48,48,36.0,6.4,14.5,0.443,2.4,6.6,0.363,4.0,7.9,0.511,0.526,1.9,2.5,0.754,1.5,4.0,5.5,2.6,1.5,0.5,1.7,2.7,17.1,0.052120279400782496,0,0,0,0,0,0,1,0,0,0
17,27,10,0,7.6,0.6,1.2,0.5,0.4,0.9,0.444,0.2,0.3,0.667,0.667,0.0,0.0,0.0,0.0,0.8,0.8,0.4,0.1,0.0,0.3,0.5,1.6,0.07005882930205927,0,0,0,0,1,0,0,0,0,0
18,36,24,11,19.3,1.4,4.1,0.333,0.8,3.1,0.27,0.5,1.0,0.52,0.434,0.4,0.8,0.556,0.4,3.0,3.4,1.1,0.5,0.3,0.5,0.8,4.0,0.299848106789871,0,0,0,0,0,0,1,0,0,0
22,23,58,58,29.5,7.6,12.0,0.634,0.1,0.3,0.368,7.5,11.7,0.642,0.639,1.8,2.4,0.746,2.6,7.7,10.2,1.4,0.7,0.7,1.6,2.4,17.2,0.23398150810752769,1,0,0,0,0,0,0,0,0,0
26,24,35,35,34.6,4.6,10.9,0.423,3.1,7.4,0.423,1.5,3.5,0.423,0.567,0.6,0.8,0.75,1.0,4.4,5.4,5.1,1.8,0.9,2.3,2.4,13.0,0.21291083044571052,0,0,0,0,1,0,0,0,0,0
27,23,71,69,25.7,4.2,8.7,0.48,1.5,4.0,0.381,2.7,4.7,0.563,0.566,0.8,1.0,0.781,2.1,6.0,8.1,1.2,0.5,1.7,1.1,2.6,10.6,0.13743704179674635,1,0,0,0,0,0,0,0,0,0
31,29,77,77,33.6,5.1,10.8,0.469,1.8,4.7,0.394,3.2,6.2,0.525,0.554,4.4,5.4,0.826,1.1,4.5,5.6,2.4,0.7,0.2,1.5,1.2,16.4,0.5982676236324385,0,0,1,0,0,0,0,0,0,0
33,21,70,70,34.5,7.0,17.1,0.408,2.0,5.8,0.342,5.0,11.3,0.442,0.466,4.1,5.8,0.714,0.9,4.9,5.8,3.0,0.6,0.2,2.2,2.0,20.0,0.1909469718531364,0,0,0,0,0,0,1,0,0,0
34,31,71,71,32.1,5.5,12.6,0.438,2.2,6.1,0.365,3.3,6.6,0.504,0.525,1.4,1.8,0.803,0.6,4.2,4.8,3.9,0.8,0.4,1.8,1.6,14.7,0.3142545457252063,0,0,0,0,0,0,0,0,1,0
37,26,59,14,16.2,2.3,4.5,0.517,0.3,0.9,0.309,2.0,3.5,0.572,0.549,0.8,1.0,0.754,1.1,2.9,3.9,0.7,0.5,0.2,0.8,1.0,5.7,0.030516390706812085,0,0,0,0,0,0,1,0,0,0
38,33,59,54,24.8,3.0,6.6,0.463,1.8,4.6,0.4,1.2,2.0,0.607,0.602,0.4,0.6,0.658,0.5,3.8,4.3,1.7,1.0,0.7,0.7,1.4,8.3,0.633672406561373,0,0,1,0,0,0,0,0,0,0
39,32,39,14,14.0,1.2,3.6,0.324,0.7,2.1,0.363,0.4,1.5,0.271,0.428,0.3,0.4,0.765,0.3,1.4,1.8,0.9,0.6,0.2,0.5,1.8,3.4,0.47642775383903574,0,0,0,0,0,0,1,0,0,0
40,21,69,53,27.9,4.0,9.4,0.422,1.2,3.9,0.297,2.8,5.5,0.511,0.484,1.7,2.5,0.688,1.0,5.3,6.3,1.4,0.8,1.0,1.3,1.0,10.8,0.052195210686919825,0,0,1,0,0,0,0,0,0,0
41,28,40,40,36.0,8.7,19.3,0.451,1.6,5.3,0.3,7.1,14.0,0.508,0.492,4.2,5.1,0.833,1.0,3.8,4.7,6.6,0.9,0.4,3.4,2.4,23.2,0.6718324378586726,0,0,0,0,0,0,0,0,1,0
42,25,79,18,25.0,4.2,10.8,0.391,3.0,8.1,0.377,1.2,2.7,0.432,0.532,0.6,0.8,0.817,0.3,2.5,2.9,1.5,0.5,0.2,0.5,1.1,12.1,0.06335779931408399,0,0,0,0,0,0,0,0,1,0
43,27,1,0,2.0,0.0,0.0,0.0,0.0,0.0,0.0,0.0,0.0,0.0,0.0,0.0,0.0,0.0,1.0,0.0,1.0,0.0,1.0,0.0,0.0,2.0,0.0,0.04184879860545883,1,0,0,0,0,0,0,0,0,0
45,29,56,0,14.4,1.8,4.9,0.36,1.4,4.1,0.335,0.4,0.8,0.489,0.5,0.6,0.7,0.9,0.2,1.9,2.1,0.6,0.3,0.2,0.3,1.5,5.6,0.16996721081849916,0,0,1,0,0,0,0,0,0,0
45,29,34,0,14.7,1.8,5.0,0.351,1.4,4.2,0.319,0.4,0.8,0.519,0.485,0.8,0.9,0.933,0.2,1.6,1.8,0.5,0.3,0.2,0.4,1.6,5.7,0.16996721081849916,0,0,1,0,0,0,0,0,0,0
45,29,22,0,13.9,1.8,4.7,0.375,1.4,3.9,0.36,0.4,0.8,0.444,0.524,0.4,0.5,0.8,0.3,2.3,2.5,0.7,0.3,0.3,0.2,1.4,5.3,0.16996721081849916,0,0,1,0,0,0,0,0,0,0
46,33,58,54,25.4,3.1,7.5,0.406,1.4,4.2,0.343,1.6,3.3,0.485,0.501,1.7,2.3,0.722,1.1,3.1,4.1,4.6,1.2,0.9,1.3,3.0,9.2,0.3034867700446997,0,0,0,0,1,0,0,0,0,0
48,29,55,28,18.0,1.8,3.6,0.485,0.0,0.3,0.0,1.8,3.4,0.522,0.485,1.0,1.3,0.746,2.2,2.1,4.3,1.0,0.5,0.5,0.5,1.9,4.5,0.07005882930205927,1,0,0,0,0,0,0,0,0,0
49,22,50,16,14.6,2.6,5.0,0.52,0.5,1.6,0.288,2.2,3.4,0.628,0.565,1.3,1.9,0.681,1.6,2.0,3.5,1.1,0.4,0.8,0.9,2.1,7.0,0.06548202634479115,1,0,0,0,0,0,0,0,0,0
50,29,36,3,14.1,2.4,4.0,0.593,0.0,0.0,0.0,2.4,4.0,0.593,0.593,1.1,2.0,0.535,1.8,2.9,4.6,0.6,0.3,0.7,0.7,1.9,5.8,0.41973816460959884,1,0,0,0,0,0,0,0,0,0
51,33,71,0,16.1,2.3,4.8,0.468,0.8,2.1,0.362,1.5,2.7,0.549,0.547,0.8,1.1,0.728,0.9,3.3,4.1,2.2,0.6,0.4,1.2,1.8,6.1,0.16559621912715491,1,0,0,0,0,0,0,0,0,0
52,32,54,29,25.2,3.6,8.7,0.421,0.9,3.0,0.313,2.7,5.6,0.479,0.475,1.6,2.2,0.761,0.5,2.9,3.4,4.2,1.3,0.4,2.1,1.6,9.9,0.38539465846332266,0,0,0,0,1,0,0,0,0,0
54,29,63,27,29.3,5.4,12.6,0.431,2.7,7.3,0.368,2.7,5.3,0.516,0.537,1.5,1.8,0.843,0.5,3.5,4.0,3.1,1.1,0.2,1.1,2.1,15.1,0.20816683081197465,0,0,0,0,0,0,0,0,1,0
55,32,69,69,30.9,6.1,13.4,0.455,2.6,6.8,0.387,3.5,6.7,0.524,0.552,3.2,3.8,0.858,0.8,3.4,4.3,1.7,0.5,0.0,1.7,1.7,18.1,0.41973816460959884,0,0,1,0,0,0,0,0,0,0
58,22,15,0,4.6,0.2,0.9,0.231,0.1,0.3,0.25,0.1,0.6,0.222,0.269,0.3,0.5,0.625,0.3,0.2,0.5,0.3,0.5,0.1,0.1,0.7,0.8,0.030516390706812085,0,0,0,0,0,0,1,0,0,0
59,25,68,68,34.5,9.7,20.9,0.466,2.7,7.0,0.383,7.0,13.9,0.508,0.53,4.6,5.3,0.868,0.7,4.4,5.0,4.8,1.1,0.4,2.4,2.6,26.8,0.676627590583745,0,0,0,0,0,0,0,0,1,0
61,29,80,9,21.1,3.4,7.2,0.464,0.9,2.9,0.297,2.5,4.4,0.575,0.523,1.9,2.4,0.777,2.2,3.9,6.2,0.3,0.6,0.9,0.5,2.2,9.4,0.034796940335788576,0,0,1,0,0,0,0,0,0,0
63,31,62,45,22.7,2.4,5.6,0.423,1.3,3.4,0.39,1.1,2.3,0.471,0.54,0.3,0.3,0.889,0.5,1.7,2.2,0.8,0.9,0.1,0.6,1.9,6.4,0.16414754759516653,0,0,0,0,0,0,0,0,1,0
64,24,55,7,10.0,1.3,2.2,0.585,0.0,0.0,0.0,1.3,2.2,0.585,0.585,0.3,0.5,0.655,1.2,2.2,3.4,0.5,0.2,0.6,0.6,1.1,3.0,0.04414159605287961,1,0,0,0,0,0,0,0,0,0
65,23,42,1,12.8,1.9,4.5,0.431,0.6,2.1,0.31,1.3,2.4,0.535,0.503,0.5,0.8,0.656,0.5,1.2,1.7,0.9,0.2,0.1,0.4,1.1,5.0,0.017564717714737645,0,0,0,0,0,0,1,0,0,0
66,25,82,82,34.8,5.6,10.5,0.534,1.4,3.8,0.369,4.2,6.7,0.628,0.601,1.6,1.9,0.834,0.9,3.3,4.2,2.3,1.2,0.4,0.8,1.8,14.2,0.09905723703720594,0,0,0,0,0,0,1,0,0,0
67,23,80,80,35.5,7.5,15.2,0.491,1.9,5.8,0.331,5.5,9.4,0.59,0.554,3.3,4.2,0.802,1.1,5.9,7.0,3.8,0.9,0.8,1.9,2.4,20.2,0.08892652715143894,0,0,1,0,0,0,0,0,0,0
69,29,36,36,33.5,6.8,15.1,0.448,1.6,5.2,0.312,5.1,9.9,0.518,0.501,4.0,4.6,0.856,0.9,4.2,5.1,5.9,0.8,0.4,2.1,2.0,19.1,0.49466945074692875,0,0,0,0,1,0,0,0,0,0
71,26,32,31,27.7,7.1,16.4,0.432,1.4,4.7,0.309,5.7,11.8,0.48,0.475,2.8,3.3,0.849,0.9,2.3,3.2,2.8,1.1,0.3,1.6,3.3,18.4,0.03555347157772643,0,0,0,0,0,0,1,0,0,0
72,25,72,45,24.6,3.6,7.0,0.506,0.5,1.3,0.404,3.0,5.7,0.529,0.543,1.3,1.8,0.758,1.4,3.4,4.8,2.1,1.1,0.7,0.8,2.4,9.0,0.030516390706812085,0,0,0,0,0,0,1,0,0,0
76,25,66,66,33.6,8.7,18.4,0.473,2.5,7.0,0.358,6.2,11.4,0.544,0.541,3.7,4.8,0.758,0.8,5.3,6.1,3.5,1.1,0.3,2.7,2.5,23.6,0.1583485903839032,0,0,0,0,0,0,1,0,0,0
78,26,49,3,12.8,1.2,3.2,0.381,0.6,1.9,0.304,0.6,1.3,0.492,0.471,0.3,0.3,0.933,0.5,2.5,3.0,0.7,0.3,0.1,0.5,1.1,3.3,0.03555347157772643,0,0,0,0,0,0,0,0,1,0
80,25,79,61,31.9,6.4,12.8,0.502,1.2,3.2,0.373,5.2,9.6,0.545,0.549,2.3,2.7,0.84,0.5,3.4,3.9,4.8,0.8,0.0,1.6,1.9,16.3,0.030516390706812085,0,0,0,0,1,0,0,0,0,0
81,24,27,9,16.3,2.9,5.5,0.52,0.4,1.6,0.286,2.4,3.9,0.613,0.561,1.3,1.5,0.875,1.0,3.0,4.0,0.9,0.2,0.8,0.7,1.6,7.4,0.19494430619760914,1,0,0,0,0,0,0,0,0,0
83,30,68,37,28.0,3.0,7.4,0.401,2.1,5.8,0.36,0.9,1.6,0.55,0.542,0.6,0.7,0.833,0.5,3.1,3.5,1.2,0.6,0.2,0.6,1.6,8.6,0.09503592468116924,0,0,0,0,0,0,1,0,0,0
85,30,81,44,28.6,3.5,9.0,0.391,1.9,4.8,0.404,1.6,4.2,0.378,0.499,2.7,3.3,0.822,0.6,4.3,4.9,3.0,1.0,0.3,1.1,2.7,11.7,0.053075503436461176,0,0,0,0,0,0,0,0,1,0
87,32,57,57,33.9,7.0,14.5,0.48,0.5,2.0,0.233,6.5,12.5,0.52,0.496,6.9,8.0,0.87,1.8,4.1,5.9,5.5,1.6,0.5,2.1,1.5,21.4,0.812927600067548,0,0,0,0,0,0,1,0,0,0
89,28,77,77,30.2,4.7,10.8,0.435,2.1,5.3,0.39,2.6,5.5,0.48,0.531,1.8,2.0,0.89,0.5,2.9,3.4,1.9,1.1,0.3,1.3,1.8,13.2,0.19717431122724682,0,0,0,0,0,0,0,0,1,0
93,27,74,73,27.6,5.0,8.2,0.613,0.0,0.0,0.0,5.0,8.1,0.614,0.613,1.1,2.3,0.473,3.8,8.1,11.9,1.2,0.7,1.3,0.6,2.2,11.1,0.4171543340468207,1,0,0,0,0,0,0,0,0,0
95,26,66,3,13.7,1.5,3.8,0.387,1.0,2.6,0.388,0.5,1.3,0.386,0.518,0.2,0.3,0.833,0.2,1.5,1.7,1.5,0.4,0.2,0.5,1.0,4.2,0.030516390706812085,0,0,0,0,1,0,0,0,0,0
95,26,46,1,12.0,1.3,3.8,0.333,0.9,2.8,0.331,0.3,1.0,0.34,0.454,0.2,0.2,0.7,0.2,1.3,1.5,1.0,0.3,0.2,0.6,1.0,3.6,0.030516390706812085,0,0,0,0,1,0,0,0,0,0
95,26,20,2,17.7,2.0,4.0,0.506,1.2,2.2,0.558,0.8,1.8,0.444,0.658,0.4,0.4,1.0,0.3,1.9,2.2,2.5,0.5,0.2,0.4,1.1,5.6,0.030516390706812085,0,0,0,0,1,0,0,0,0,0
97,27,41,18,28.0,2.5,6.2,0.398,1.0,3.1,0.333,1.5,3.2,0.462,0.48,1.4,1.8,0.795,0.8,2.8,3.6,4.0,1.7,0.4,1.4,2.6,7.4,0.06381455545728178,0,0,0,0,0,0,0,0,1,0
98,28,20,2,9.2,0.8,1.8,0.457,0.1,0.1,0.5,0.8,1.7,0.455,0.471,0.1,0.1,0.5,0.7,1.4,2.0,0.5,0.3,0.2,0.4,1.0,1.7,0.04951474374211988,1,0,0,0,0,0,0,0,0,0
98,28,18,2,9.8,0.9,1.9,0.457,0.1,0.1,0.5,0.8,1.8,0.455,0.471,0.1,0.1,0.5,0.7,1.4,2.1,0.5,0.3,0.2,0.4,0.9,1.9,0.04951474374211988,1,0,0,0,0,0,0,0,0,0
98,28,2,0,3.0,0.0,0.0,0.0,0.0,0.0,0.0,0.0,0.0,0.0,0.0,0.0,0.0,0.0,0.0,1.0,1.0,0.5,0.0,0.0,0.0,1.0,0.0,0.04951474374211988,1,0,0,0,0,0,0,0,0,0
105,27,38,1,9.9,0.9,2.3,0.375,0.7,1.8,0.4,0.1,0.5,0.278,0.534,0.2,0.3,0.7,0.6,1.8,2.4,0.5,0.3,0.2,0.3,0.5,2.7,0.030774628895936705,0,0,1,0,0,0,0,0,0,0
106,25,64,1,19.5,4.5,7.0,0.644,0.1,0.3,0.227,4.4,6.6,0.666,0.65,1.3,2.0,0.654,2.1,3.2,5.3,1.3,0.6,1.1,0.5,1.9,10.4,0.05704176627428233,0,0,1,0,0,0,0,0,0,0
107,29,79,1,27.1,5.9,14.1,0.419,2.4,7.6,0.318,3.5,6.5,0.535,0.504,1.8,2.2,0.828,0.8,2.6,3.5,2.5,0.8,0.2,1.6,1.9,16.0,0.3307572623215196,0,0,0,0,0,0,0,0,1,0
110,24,54,53,30.8,6.3,11.9,0.526,1.2,3.3,0.364,5.1,8.7,0.588,0.576,2.5,3.1,0.793,1.7,6.1,7.8,1.8,0.6,1.0,1.1,3.0,16.2,0.06223000852643105,0,0,1,0,0,0,0,0,0,0
111,24,28,4,17.9,2.7,5.5,0.49,0.5,1.5,0.341,2.2,4.1,0.544,0.535,1.9,2.3,0.8,1.6,3.8,5.5,2.2,0.5,0.8,1.6,2.4,7.8,0.10103542299123146,0,0,1,0,0,0,0,0,0,0
113,34,72,72,28.6,4.8,11.0,0.435,2.3,5.8,0.408,2.4,5.2,0.464,0.542,1.8,2.3,0.796,0.7,2.4,3.0,5.3,1.3,0.3,1.7,2.0,13.7,0.8071734517653948,0,0,0,0,1,0,0,0,0,0
114,29,65,19,26.0,3.5,7.6,0.458,2.2,5.7,0.395,1.2,1.9,0.643,0.605,0.7,0.8,0.833,0.7,3.5,4.2,1.3,0.9,0.2,0.5,1.3,9.9,0.0381643273577048,0,0,0,0,0,0,0,0,1,0
118,31,48,7,15.0,3.1,6.8,0.46,0.8,2.5,0.303,2.3,4.2,0.554,0.517,2.0,2.6,0.76,1.5,4.1,5.6,1.5,0.7,0.4,1.8,2.9,9.0,0.08254737699161425,1,0,0,0,0,0,0,0,0,0
118,31,17,5,16.9,3.2,6.9,0.466,0.8,2.8,0.271,2.5,4.1,0.6,0.521,1.8,2.2,0.816,1.4,4.4,5.8,1.1,0.9,0.5,0.9,2.7,9.1,0.08254737699161425,1,0,0,0,0,0,0,0,0,0
118,31,31,2,13.9,3.0,6.6,0.456,0.8,2.4,0.324,2.3,4.3,0.53,0.515,2.1,2.8,0.736,1.6,3.9,5.5,1.7,0.6,0.4,2.2,3.0,8.9,0.08254737699161425,1,0,0,0,0,0,0,0,0,0
119,31,71,42,27.3,2.9,7.0,0.42,1.8,4.8,0.378,1.1,2.2,0.509,0.548,0.8,1.0,0.841,0.8,4.7,5.5,1.3,1.5,1.3,1.1,2.7,8.5,0.2773991680279391,0,0,0,1,0,0,0,0,0,0
119,31,48,40,29.8,2.7,7.0,0.381,1.6,4.8,0.343,1.0,2.2,0.462,0.499,0.6,0.8,0.833,0.9,4.9,5.7,1.4,1.5,1.3,1.2,2.8,7.6,0.2773991680279391,0,0,1,0,0,0,0,0,0,0
119,31,23,2,22.1,3.5,7.0,0.5,2.1,4.7,0.45,1.4,2.3,0.604,0.651,1.2,1.4,0.848,0.8,4.3,5.1,1.0,1.3,1.2,0.7,2.5,10.4,0.2773991680279391,0,0,0,0,0,0,1,0,0,0
120,31,78,16,20.5,2.6,5.7,0.454,1.0,3.0,0.329,1.6,2.7,0.594,0.541,0.5,0.7,0.75,1.1,2.9,4.0,1.2,0.6,0.5,0.9,1.9,6.6,0.045081733922949306,0,0,0,0,0,0,1,0,0,0
120,31,51,14,20.3,2.5,5.5,0.456,0.9,2.7,0.333,1.6,2.8,0.573,0.537,0.5,0.7,0.771,1.2,2.7,3.8,1.1,0.5,0.4,0.8,1.9,6.5,0.045081733922949306,0,0,0,0,0,0,1,0,0,0
120,31,27,2,20.8,2.7,5.9,0.45,1.1,3.6,0.323,1.5,2.4,0.641,0.547,0.4,0.6,0.706,1.0,3.3,4.3,1.2,0.8,0.6,1.0,2.1,6.9,0.045081733922949306,0,0,0,0,0,0,1,0,0,0
121,31,67,67,28.1,3.2,8.1,0.399,1.9,5.4,0.348,1.3,2.7,0.503,0.516,1.1,1.3,0.789,0.4,4.8,5.3,1.9,1.4,0.4,0.8,2.6,9.4,0.19033685634431086,0,0,1,0,0,0,0,0,0,0
122,22,37,0,9.1,1.4,3.6,0.378,0.3,1.3,0.255,1.1,2.4,0.443,0.422,0.4,0.9,0.471,0.4,0.9,1.3,0.9,0.5,0.1,0.5,1.1,3.5,0.14033538394453826,0,0,0,0,0,0,0,0,1,0
125,31,64,64,33.4,5.6,11.5,0.487,2.5,5.8,0.422,3.2,5.7,0.553,0.594,1.3,1.5,0.872,0.3,2.8,3.1,3.6,0.8,0.2,1.7,2.3,15.0,0.18149114308451292,0,0,0,0,0,0,0,0,1,0
125,31,45,45,34.8,5.7,11.7,0.485,2.2,5.6,0.4,3.5,6.2,0.561,0.58,1.4,1.6,0.877,0.4,3.0,3.4,4.0,0.8,0.2,1.9,2.2,15.0,0.18149114308451292,0,0,0,0,0,0,0,0,1,0
125,31,19,19,29.9,5.5,11.1,0.493,3.1,6.5,0.468,2.4,4.6,0.529,0.63,0.9,1.1,0.857,0.2,2.4,2.6,2.6,0.9,0.2,1.3,2.5,14.9,0.18149114308451292,0,0,0,0,0,0,0,0,1,0
126,33,64,64,34.5,8.4,19.1,0.437,4.5,11.7,0.38,3.9,7.4,0.527,0.554,4.3,4.7,0.923,0.5,4.7,5.2,6.3,1.3,0.4,3.2,2.0,25.5,0.9999999999999999,0,0,0,0,1,0,0,0,0,0
127,28,40,40,35.1,9.3,17.4,0.532,0.3,1.8,0.186,8.9,15.6,0.571,0.542,4.4,6.1,0.713,2.7,7.2,9.9,3.1,1.2,2.3,2.1,2.4,23.2,0.671832462835768,1,0,0,0,0,0,0,0,0,0
128,32,31,3,6.5,0.4,0.5,0.688,0.0,0.0,0.0,0.4,0.5,0.688,0.688,0.2,0.5,0.429,0.5,1.6,2.1,0.2,0.1,0.3,0.2,1.1,0.9,0.11419335683694659,1,0,0,0,0,0,0,0,0,0
131,32,67,15,15.9,2.4,4.3,0.566,0.3,0.7,0.404,2.2,3.6,0.597,0.598,1.1,1.5,0.75,1.6,4.2,5.8,0.7,0.4,0.6,1.0,2.6,6.3,0.3281554982042592,1,0,0,0,0,0,0,0,0,0
134,32,76,76,36.1,10.2,20.2,0.504,0.7,1.9,0.352,9.5,18.3,0.52,0.521,6.8,7.8,0.877,0.7,4.4,5.2,4.9,0.9,0.3,2.4,2.3,27.9,0.6879915445538555,0,0,1,0,0,0,0,0,0,0
136,25,3,0,10.3,1.0,2.7,0.375,0.0,0.0,0.0,1.0,2.7,0.375,0.375,1.7,2.0,0.833,1.3,2.7,4.0,0.0,0.3,0.0,0.3,2.0,3.7,0.03706043965032966,1,0,0,0,0,0,0,0,0,0
137,23,58,29,21.9,4.5,9.1,0.496,0.4,1.6,0.247,4.1,7.5,0.55,0.518,1.6,2.4,0.65,1.2,3.6,4.8,1.3,1.2,0.3,1.0,2.5,11.0,0.030516390706812085,0,0,0,0,0,0,0,0,1,0
138,32,44,3,8.4,1.2,2.5,0.473,0.7,1.5,0.426,0.5,1.0,0.545,0.603,0.4,0.6,0.731,0.7,2.0,2.8,0.8,0.3,0.3,0.5,1.2,3.5,0.40048614419362083,1,0,0,0,0,0,0,0,0,0
139,28,67,51,29.6,4.6,11.0,0.416,1.7,4.9,0.339,2.9,6.0,0.479,0.493,2.9,3.8,0.774,0.7,3.5,4.2,5.2,0.7,0.2,1.6,2.2,13.7,0.26002462591741804,0,0,0,0,1,0,0,0,0,0
139,28,44,44,30.2,4.2,11.2,0.376,1.6,5.1,0.31,2.6,6.0,0.432,0.447,2.6,3.3,0.811,0.8,3.9,4.7,5.8,0.6,0.2,1.7,2.4,12.6,0.26002462591741804,0,0,0,0,1,0,0,0,0,0
139,28,23,7,28.3,5.3,10.6,0.498,1.8,4.5,0.404,3.4,6.0,0.568,0.584,3.4,4.7,0.725,0.4,2.7,3.1,3.9,0.7,0.3,1.3,1.9,15.8,0.26002462591741804,0,0,0,0,1,0,0,0,0,0
140,25,42,1,24.0,2.8,8.0,0.351,1.8,5.2,0.339,1.0,2.8,0.373,0.461,1.7,2.0,0.843,1.0,3.1,4.0,2.8,1.1,0.2,1.7,1.6,9.0,0.06770598691734711,0,0,0,0,0,0,0,0,1,0
140,25,17,0,20.1,2.3,6.9,0.331,1.2,4.4,0.284,1.1,2.6,0.409,0.419,1.4,1.6,0.852,1.1,2.5,3.5,1.7,0.6,0.2,1.6,1.5,7.2,0.06770598691734711,0,0,0,0,0,0,0,0,1,0
140,25,25,1,26.6,3.2,8.7,0.362,2.1,5.8,0.368,1.0,3.0,0.351,0.484,1.9,2.2,0.839,0.9,3.5,4.4,3.6,1.5,0.2,1.8,1.7,10.3,0.06770598691734711,0,0,0,0,0,0,0,0,1,0
141,22,65,65,35.4,9.9,21.6,0.457,3.1,8.8,0.353,6.8,12.8,0.528,0.529,5.6,7.5,0.744,0.9,8.3,9.1,8.7,1.2,0.6,4.5,2.2,28.4,0.18703555871676775,0,0,0,0,1,0,0,0,0,0
144,27,2,0,10.5,1.0,2.0,0.5,0.0,0.5,0.0,1.0,1.5,0.667,0.5,0.0,0.0,0.0,0.0,1.0,1.0,0.5,0.0,0.0,0.0,0.0,2.0,0.03555347157772643,0,0,0,0,0,0,0,0,1,0
146,21,2,0,8.0,2.5,4.0,0.625,0.5,1.0,0.5,2.0,3.0,0.667,0.688,1.5,2.0,0.75,1.0,2.0,3.0,0.0,1.5,1.0,1.0,0.5,7.0,0.0771802987365511,0,0,1,0,0,0,0,0,0,0
149,35,21,8,23.7,2.7,7.2,0.377,0.8,3.0,0.254,2.0,4.2,0.466,0.43,1.3,1.6,0.818,0.6,2.5,3.1,4.1,0.9,0.2,1.6,2.1,7.5,0.47513486445092684,0,0,0,0,1,0,0,0,0,0
149,35,5,2,18.0,2.6,6.8,0.382,0.8,2.8,0.286,1.8,4.0,0.45,0.441,2.0,2.0,1.0,0.4,2.4,2.8,1.8,1.0,0.2,0.2,1.6,8.0,0.47513486445092684,0,0,0,0,1,0,0,0,0,0
149,35,16,6,25.5,2.8,7.3,0.376,0.8,3.1,0.245,2.0,4.3,0.471,0.427,1.1,1.4,0.739,0.7,2.5,3.2,4.8,0.9,0.2,2.1,2.3,7.3,0.47513486445092684,0,0,0,0,1,0,0,0,0,0
150,28,73,36,19.7,3.4,5.9,0.57,0.0,0.0,0.0,3.4,5.9,0.574,0.57,1.2,2.2,0.524,3.1,6.2,9.3,1.8,1.1,0.9,1.6,2.6,7.9,0.6718324378586726,1,0,0,0,0,0,0,0,0,0
150,28,49,12,18.4,2.6,4.9,0.538,0.0,0.0,0.0,2.6,4.8,0.542,0.538,0.9,1.7,0.512,2.8,6.1,8.8,2.0,1.1,0.9,1.6,2.5,6.1,0.6718324378586726,1,0,0,0,0,0,0,0,0,0
150,28,24,24,22.3,5.0,8.1,0.61,0.0,0.0,0.0,5.0,8.1,0.613,0.61,1.8,3.4,0.537,3.9,6.4,10.3,1.4,0.9,1.0,1.5,3.0,11.8,0.6718324378586726,1,0,0,0,0,0,0,0,0,0
153,27,14,3,24.0,3.1,7.3,0.431,0.1,0.8,0.091,3.1,6.5,0.473,0.436,1.2,1.3,0.944,0.6,2.9,3.5,5.6,1.6,0.2,2.3,2.7,7.6,0.12870522409187715,0,0,0,0,1,0,0,0,0,0
154,33,55,55,37.2,10.5,20.3,0.518,2.1,5.5,0.383,8.4,14.8,0.568,0.57,6.8,7.4,0.91,0.5,6.9,7.4,6.4,0.9,0.9,3.5,2.1,29.9,0.9242505141722412,0,0,1,0,0,0,0,0,0,0
157,23,4,0,19.8,2.3,7.5,0.3,1.0,4.0,0.25,1.3,3.5,0.357,0.367,0.3,0.3,1.0,0.5,1.0,1.5,3.5,0.5,0.0,1.3,1.0,5.8,0.025800065694756267,0,0,0,0,0,0,0,0,1,0
161,34,43,9,18.8,2.3,5.5,0.414,1.9,4.9,0.389,0.4,0.6,0.615,0.586,0.2,0.3,0.818,0.2,1.6,1.8,0.7,0.5,0.1,0.4,1.0,6.7,0.19494430619760914,0,0,0,0,0,0,0,0,1,0
162,27,68,68,33.8,9.8,19.6,0.499,1.4,3.7,0.371,8.4,15.9,0.529,0.534,9.6,11.8,0.814,2.1,9.6,11.7,4.2,1.1,1.5,3.1,2.7,30.6,0.6821133100418588,1,0,0,0,0,0,0,0,0,0
166,30,39,18,16.7,2.4,4.7,0.516,0.1,0.4,0.125,2.4,4.3,0.554,0.522,0.4,0.6,0.64,1.5,3.2,4.7,0.6,0.4,0.3,0.2,1.6,5.3,0.4359732766060203,1,0,0,0,0,0,0,0,0,0
167,23,30,0,5.1,1.2,1.8,0.655,0.0,0.1,0.5,1.2,1.8,0.66,0.664,0.5,0.8,0.625,0.6,1.2,1.8,0.2,0.0,0.4,0.5,0.8,2.9,0.030095476695483327,1,0,0,0,0,0,0,0,0,0
167,23,20,0,2.9,0.4,0.7,0.5,0.1,0.1,1.0,0.3,0.7,0.462,0.536,0.2,0.3,0.8,0.4,0.4,0.8,0.2,0.0,0.2,0.3,0.3,1.0,0.030095476695483327,1,0,0,0,0,0,0,0,0,0
167,23,10,0,9.4,2.9,4.1,0.707,0.0,0.1,0.0,2.9,4.0,0.725,0.707,1.1,1.9,0.579,1.1,2.9,4.0,0.3,0.1,0.8,0.9,1.8,6.9,0.030095476695483327,1,0,0,0,0,0,0,0,0,0
168,28,80,80,33.1,4.1,8.7,0.471,2.2,5.4,0.395,1.9,3.2,0.599,0.595,0.7,1.0,0.675,1.5,3.2,4.7,1.9,1.1,0.5,1.0,2.3,11.0,0.09503592468116924,0,0,1,0,0,0,0,0,0,0
171,28,75,2,17.1,3.1,7.2,0.429,1.6,3.9,0.414,1.5,3.3,0.447,0.542,1.1,1.2,0.908,0.1,1.1,1.2,1.0,0.3,0.1,0.7,1.3,8.8,0.06693669237967052,0,0,0,0,0,0,0,0,1,0
171,28,40,1,16.9,3.2,7.4,0.432,1.6,3.8,0.417,1.6,3.6,0.448,0.539,1.1,1.2,0.898,0.1,1.5,1.6,1.0,0.4,0.1,0.8,1.1,9.1,0.06693669237967052,0,0,0,0,0,0,0,0,1,0
171,28,35,1,17.4,2.9,6.9,0.424,1.7,4.1,0.41,1.3,2.8,0.444,0.545,1.0,1.1,0.921,0.2,0.7,0.9,1.0,0.2,0.1,0.7,1.5,8.6,0.06693669237967052,0,0,0,0,0,0,0,0,1,0
174,29,80,80,29.5,5.0,12.1,0.417,3.0,7.7,0.389,2.0,4.3,0.465,0.541,1.0,1.4,0.708,0.4,2.2,2.6,2.1,1.0,0.3,1.3,2.3,14.1,0.4234847289164653,0,0,0,0,0,0,0,0,1,0
175,24,59,59,35.3,8.7,18.5,0.473,1.3,4.2,0.297,7.5,14.3,0.524,0.506,4.4,5.9,0.75,0.4,3.5,3.9,5.6,1.2,0.4,2.8,2.9,23.2,0.15480011942048844,0,0,0,0,1,0,0,0,0,0
176,25,3,0,40.0,4.3,16.0,0.271,0.3,7.0,0.048,4.0,9.0,0.444,0.281,1.7,2.3,0.714,1.7,2.7,4.3,0.3,0.3,0.0,1.0,2.7,10.7,0.030516390706812085,0,0,0,0,0,0,0,0,1,0
177,31,12,3,17.3,1.2,3.8,0.311,0.5,1.4,0.353,0.7,2.3,0.286,0.378,0.4,0.8,0.556,0.4,1.2,1.6,2.8,0.3,0.1,1.3,2.3,3.3,0.035604524760681336,0,0,0,0,1,0,0,0,0,0
177,31,10,3,20.0,1.3,4.3,0.302,0.6,1.7,0.353,0.7,2.6,0.269,0.372,0.5,0.9,0.556,0.5,1.4,1.9,3.3,0.3,0.1,1.3,2.4,3.7,0.035604524760681336,0,0,0,0,1,0,0,0,0,0
177,31,2,0,4.0,0.5,1.0,0.5,0.0,0.0,0.0,0.5,1.0,0.5,0.5,0.0,0.0,0.0,0.0,0.0,0.0,0.5,0.0,0.0,1.0,1.5,1.0,0.035604524760681336,0,0,0,0,1,0,0,0,0,0
179,23,18,3,20.0,4.6,9.7,0.474,0.2,0.9,0.235,4.4,8.8,0.5,0.486,1.4,1.7,0.806,0.2,2.5,2.7,5.5,1.1,0.3,2.2,1.2,10.8,0.23853433305323185,0,0,0,0,1,0,0,0,0,0
181,23,72,53,20.1,4.0,5.7,0.693,0.0,0.0,0.0,4.0,5.7,0.695,0.693,1.5,2.1,0.699,2.2,3.5,5.7,0.9,0.4,1.4,0.9,2.4,9.4,0.017564717714737645,1,0,0,0,0,0,0,0,0,0
182,33,66,18,25.3,3.9,9.0,0.434,1.7,4.5,0.381,2.2,4.6,0.485,0.528,2.1,2.4,0.904,0.5,4.1,4.7,1.5,0.4,0.2,0.6,1.4,11.7,0.5599985173596183,0,0,1,0,0,0,0,0,0,0
183,30,7,0,15.3,0.9,3.7,0.231,0.3,2.3,0.125,0.6,1.4,0.4,0.269,0.0,0.0,0.0,0.4,2.1,2.6,1.7,0.1,0.0,0.9,1.0,2.0,0.17829290095250402,0,0,0,0,0,0,0,0,1,0
183,30,4,0,14.5,1.3,3.3,0.385,0.5,2.0,0.25,0.8,1.3,0.6,0.462,0.0,0.0,0.0,0.3,1.8,2.0,1.3,0.0,0.0,1.3,1.3,3.0,0.17829290095250402,0,0,0,0,0,0,0,0,1,0
183,30,3,0,16.3,0.3,4.3,0.077,0.0,2.7,0.0,0.3,1.7,0.2,0.077,0.0,0.0,0.0,0.7,2.7,3.3,2.3,0.3,0.0,0.3,0.7,0.7,0.17829290095250402,0,0,0,0,0,0,0,0,1,0
184,22,68,68,35.7,8.0,17.3,0.462,2.6,6.7,0.383,5.4,10.6,0.512,0.536,3.2,3.5,0.892,0.6,2.7,3.3,8.6,1.3,0.1,3.6,1.7,21.7,0.15500393251878197,0,0,0,0,1,0,0,0,0,0
188,35,55,1,18.9,2.9,6.9,0.414,1.3,3.7,0.345,1.6,3.2,0.494,0.507,1.1,1.4,0.785,1.0,3.4,4.4,1.0,0.5,0.3,0.9,1.7,8.1,0.3572954261618239,0,0,1,0,0,0,0,0,0,0
189,31,31,31,34.7,8.6,20.5,0.421,2.9,8.3,0.354,5.7,12.2,0.467,0.493,4.1,4.8,0.858,0.4,6.5,6.9,5.7,2.2,0.4,4.1,2.4,24.3,0.8195104634172847,0,0,0,0,0,0,1,0,0,0
190,36,52,4,18.2,1.7,3.2,0.518,0.3,0.7,0.395,1.4,2.5,0.555,0.563,0.8,1.0,0.808,1.7,2.7,4.4,0.6,0.4,0.8,0.5,2.6,4.4,0.2199214015767191,1,0,0,0,0,0,0,0,0,0
192,23,56,56,34.7,8.5,18.8,0.453,1.6,5.3,0.3,6.9,13.5,0.514,0.496,5.9,7.2,0.81,0.7,4.3,5.0,5.9,1.3,0.8,2.8,2.5,24.5,0.09386000303072074,0,0,0,0,1,0,0,0,0,0
195,29,66,66,32.1,5.5,7.7,0.713,0.0,0.1,0.0,5.5,7.6,0.718,0.713,4.6,6.7,0.69,3.7,11.0,14.7,1.1,0.7,2.1,1.8,2.7,15.6,0.626009683470016,1,0,0,0,0,0,0,0,0,0
196,26,36,5,13.9,1.8,4.3,0.416,0.5,1.5,0.345,1.3,2.8,0.455,0.477,0.7,1.1,0.632,0.4,1.5,1.9,2.5,0.7,0.0,1.0,1.1,4.8,0.008184020049014553,0,0,0,0,1,0,0,0,0,0
198,26,75,75,31.7,5.8,11.1,0.52,1.2,3.5,0.335,4.6,7.7,0.605,0.573,2.3,3.1,0.743,1.7,4.2,5.9,2.5,0.6,0.6,1.8,2.0,15.0,0.4912634741126518,0,0,1,0,0,0,0,0,0,0
199,33,57,46,29.3,4.7,9.9,0.475,2.2,5.3,0.412,2.5,4.6,0.548,0.585,1.8,2.4,0.778,0.3,1.7,2.0,2.7,0.5,0.3,1.9,1.1,13.4,0.34624880618850495,0,0,0,0,0,0,0,0,1,0
201,27,47,47,31.9,6.3,14.9,0.426,1.9,5.4,0.358,4.4,9.5,0.465,0.491,4.6,5.5,0.838,0.6,3.5,4.1,2.4,0.9,1.0,1.8,2.3,19.2,0.22856729807348417,0,0,1,0,0,0,0,0,0,0
203,34,62,28,21.8,2.0,5.2,0.394,1.7,4.4,0.38,0.4,0.8,0.469,0.555,0.2,0.2,0.786,0.5,2.0,2.5,1.0,1.0,0.6,0.7,1.7,5.9,0.36064602857564537,0,0,0,0,0,0,1,0,0,0
204,31,46,44,28.9,2.9,5.6,0.525,0.3,1.2,0.296,2.6,4.4,0.586,0.556,1.3,2.0,0.659,1.0,6.3,7.3,7.0,1.3,1.1,3.0,3.0,7.5,0.45818116142044835,0,0,1,0,0,0,0,0,0,0
206,31,67,8,16.2,2.4,4.9,0.486,0.5,1.9,0.266,1.9,3.0,0.621,0.537,1.2,1.4,0.871,1.2,3.0,4.2,0.9,0.6,0.4,0.9,2.4,6.4,0.11419335683694659,0,0,1,0,0,0,0,0,0,0
208,35,75,63,24.7,3.7,7.1,0.524,0.7,2.2,0.315,3.0,4.8,0.62,0.574,2.2,2.6,0.833,0.5,2.5,3.1,1.3,0.4,0.4,0.9,2.0,10.3,0.08017904880776705,1,0,0,0,0,0,0,0,0,0
210,32,56,24,17.1,2.4,5.6,0.425,0.7,2.6,0.262,1.7,3.0,0.565,0.486,1.0,1.4,0.724,1.1,3.0,4.1,1.9,0.5,0.3,0.6,1.7,6.4,0.8555875797996342,0,0,1,0,0,0,0,0,0,0
213,23,42,13,22.5,4.5,9.1,0.491,1.3,2.9,0.447,3.1,6.1,0.512,0.563,1.1,1.6,0.697,0.6,3.2,3.8,1.1,0.5,0.2,0.8,1.3,11.3,0.10675417874923247,0,0,1,0,0,0,0,0,0,0
218,32,65,65,37.2,6.3,15.3,0.41,2.3,6.9,0.33,4.0,8.4,0.476,0.485,7.2,8.2,0.877,0.8,6.8,7.7,10.3,1.3,0.6,4.4,2.4,22.0,0.9492276095513512,0,0,0,0,0,1,0,0,0,0
218,32,44,44,37.0,6.6,16.0,0.414,2.3,7.0,0.332,4.3,9.1,0.476,0.486,6.9,8.0,0.869,1.0,7.0,8.0,10.2,1.3,0.7,4.8,2.4,22.5,0.9492276095513512,0,0,0,0,1,0,0,0,0,0
218,32,21,21,37.7,5.5,13.6,0.402,2.2,6.7,0.326,3.3,6.9,0.476,0.483,7.9,8.9,0.892,0.6,6.5,7.1,10.5,1.2,0.2,3.4,2.3,21.0,0.9492276095513512,0,0,0,0,0,0,0,0,1,0
221,28,71,3,23.1,5.0,7.8,0.645,0.1,0.2,0.235,5.0,7.6,0.658,0.649,3.0,4.2,0.716,2.1,4.0,6.1,2.0,0.4,0.6,1.0,1.9,13.1,0.1449901154393892,1,0,0,0,0,0,0,0,0,0
221,28,46,3,24.3,5.4,8.3,0.645,0.1,0.3,0.267,5.3,8.0,0.66,0.65,3.2,4.5,0.727,2.1,4.6,6.7,2.1,0.4,0.7,1.1,1.9,14.1,0.1449901154393892,1,0,0,0,0,0,0,0,0,0
221,28,25,0,21.0,4.4,6.9,0.645,0.0,0.1,0.0,4.4,6.8,0.653,0.645,2.5,3.6,0.692,2.1,2.8,4.9,2.0,0.4,0.5,0.9,2.0,11.4,0.1449901154393892,1,0,0,0,0,0,0,0,0,0
222,27,61,30,28.4,3.9,9.1,0.434,1.9,5.0,0.384,2.0,4.1,0.494,0.539,1.4,1.6,0.874,0.6,1.4,2.0,1.8,1.0,0.1,1.0,1.8,11.1,0.44070109108195055,0,0,0,0,0,0,0,0,1,0
223,30,14,14,30.2,4.0,8.9,0.452,2.9,6.3,0.466,1.1,2.6,0.417,0.617,0.4,0.4,0.833,0.4,3.6,4.0,1.0,0.5,0.1,1.1,2.2,11.3,0.18661861606360428,0,0,0,0,0,0,1,0,0,0
224,29,73,73,34.8,6.8,14.0,0.482,1.4,3.8,0.367,5.4,10.2,0.525,0.532,2.3,2.8,0.842,1.1,5.7,6.8,3.5,0.6,0.6,1.6,2.2,17.2,0.812927600067548,0,0,1,0,0,0,0,0,0,0
225,28,2,0,11.5,1.0,3.0,0.333,0.0,1.0,0.0,1.0,2.0,0.5,0.333,0.0,0.0,0.0,0.5,1.5,2.0,1.5,0.5,0.5,1.0,1.5,2.0,0.035604524760681336,0,0,0,0,0,0,0,0,1,0
226,26,54,53,33.2,5.3,10.5,0.504,1.4,3.9,0.343,4.0,6.6,0.601,0.569,3.0,3.9,0.758,1.1,6.0,7.2,4.1,1.1,0.2,2.1,2.8,14.9,0.043437241963188704,0,0,0,0,0,0,0,0,0,1
226,26,41,40,33.5,4.8,9.4,0.505,1.0,3.2,0.323,3.7,6.2,0.598,0.56,2.8,3.8,0.753,1.3,6.5,7.8,4.1,1.1,0.3,2.0,2.9,13.4,0.043437241963188704,0,0,0,0,0,0,0,0,1,0
226,26,13,13,32.1,7.1,14.1,0.503,2.4,6.4,0.373,4.7,7.7,0.61,0.587,3.4,4.4,0.772,0.7,4.7,5.4,4.3,1.2,0.2,2.5,2.5,19.9,0.043437241963188704,0,0,0,0,0,0,1,0,0,0
227,23,68,0,17.9,3.4,5.4,0.626,0.2,0.4,0.467,3.2,4.9,0.64,0.645,1.3,1.9,0.689,1.7,3.2,4.9,2.4,0.7,1.1,1.2,2.5,8.3,0.030516390706812085,1,0,0,0,0,0,0,0,0,0
230,21,70,28,20.0,3.5,5.7,0.616,0.3,0.8,0.351,3.2,4.9,0.66,0.641,2.1,2.7,0.766,1.6,2.9,4.5,0.6,0.5,0.8,0.8,2.2,9.3,0.1165671799817772,1,0,0,0,0,0,0,0,0,0
232,31,49,48,31.9,5.8,12.6,0.459,1.8,4.5,0.391,4.0,8.1,0.496,0.528,2.6,3.0,0.846,0.8,3.8,4.6,3.6,1.0,0.4,1.7,1.7,15.9,0.811895796257437,0,0,0,0,0,0,1,0,0,0
236,22,66,10,32.6,7.6,17.0,0.447,2.7,6.7,0.399,4.9,10.3,0.477,0.525,2.9,3.3,0.868,0.5,4.5,5.0,4.0,0.7,0.1,2.6,1.4,20.7,0.08604916576376548,0,0,0,0,0,0,0,0,1,0
237,29,81,32,30.9,5.5,13.6,0.406,3.2,8.8,0.366,2.3,4.7,0.482,0.526,1.4,1.6,0.874,0.8,3.5,4.4,2.8,0.9,0.3,1.9,2.3,15.6,0.1165463740613264,0,0,0,0,0,0,0,0,1,0
237,29,55,6,28.6,4.8,12.6,0.382,3.3,9.0,0.368,1.5,3.6,0.419,0.514,1.5,1.7,0.87,0.8,3.2,4.0,1.9,0.9,0.3,1.6,2.1,14.4,0.1165463740613264,0,0,0,0,0,0,0,0,1,0
237,29,26,26,35.6,7.0,15.6,0.447,3.1,8.5,0.362,3.9,7.1,0.549,0.546,1.2,1.3,0.886,0.9,4.2,5.1,4.8,1.0,0.4,2.4,2.7,18.2,0.1165463740613264,0,0,0,0,0,0,0,0,1,0
239,35,54,17,23.2,2.2,5.1,0.429,0.8,2.5,0.306,1.4,2.6,0.546,0.504,1.1,1.1,0.919,0.7,2.2,2.9,2.2,0.8,0.1,0.8,1.3,6.2,0.24824310486675957,0,0,0,0,0,0,0,0,1,0
241,30,13,1,10.7,0.2,1.5,0.15,0.2,1.0,0.154,0.1,0.5,0.143,0.2,0.0,0.0,0.0,0.5,1.3,1.8,0.9,0.3,0.2,0.1,1.2,0.6,0.3270830067057756,0,0,1,0,0,0,0,0,0,0
244,25,63,15,16.2,2.4,5.4,0.447,0.6,1.6,0.379,1.8,3.7,0.477,0.504,0.9,1.1,0.868,0.4,1.6,1.9,2.4,0.7,0.1,1.1,1.5,6.3,0.051056255137632414,0,0,0,0,1,0,0,0,0,0
244,25,41,14,16.2,2.4,5.2,0.467,0.6,1.6,0.343,1.9,3.6,0.524,0.521,0.7,0.9,0.8,0.2,1.4,1.6,1.9,0.6,0.2,1.0,1.5,6.1,0.051056255137632414,0,0,0,0,1,0,0,0,0,0
244,25,22,1,16.3,2.3,5.6,0.411,0.7,1.6,0.444,1.6,4.0,0.398,0.476,1.4,1.5,0.939,0.7,1.8,2.5,3.4,0.8,0.0,1.3,1.5,6.8,0.051056255137632414,0,0,0,0,1,0,0,0,0,0
245,31,67,64,32.9,7.1,14.2,0.501,2.0,4.8,0.411,5.2,9.4,0.547,0.57,2.0,2.7,0.761,1.0,3.5,4.5,6.8,1.6,0.4,2.7,2.0,18.3,0.6478067949738391,0,0,0,0,1,0,0,0,0,0
246,32,74,65,27.8,3.5,8.9,0.394,2.4,6.5,0.367,1.1,2.4,0.467,0.528,0.7,0.8,0.806,0.4,2.2,2.6,1.7,0.8,0.4,0.9,2.1,10.1,0.11419335683694659,0,0,0,0,0,0,0,1,0,0
246,32,49,40,28.9,3.9,9.3,0.415,2.6,6.9,0.378,1.3,2.5,0.516,0.553,0.7,0.8,0.829,0.4,2.4,2.8,1.8,0.7,0.4,1.0,2.1,11.0,0.11419335683694659,0,0,0,0,0,0,1,0,0,0
246,32,25,25,25.6,2.8,8.2,0.348,2.0,5.8,0.342,0.8,2.3,0.362,0.471,0.6,0.8,0.762,0.4,1.8,2.2,1.5,0.8,0.6,0.8,2.0,8.3,0.11419335683694659,0,0,0,0,0,0,0,0,1,0
247,28,45,37,23.9,4.4,6.7,0.66,0.0,0.1,0.4,4.4,6.6,0.664,0.663,1.6,2.0,0.778,2.1,5.0,7.0,1.1,0.4,0.9,1.2,2.8,10.4,0.11419335683694659,1,0,0,0,0,0,0,0,0,0
248,29,52,0,13.6,1.1,3.0,0.369,0.6,1.8,0.33,0.5,1.3,0.424,0.465,0.3,0.4,0.895,0.3,1.2,1.5,0.7,0.3,0.1,0.2,0.6,3.1,0.1379465745424802,0,0,0,0,0,0,0,1,0,0
248,29,39,0,14.9,1.2,3.4,0.351,0.6,2.1,0.3,0.6,1.3,0.431,0.443,0.3,0.4,0.929,0.3,1.4,1.7,0.8,0.3,0.1,0.2,0.7,3.3,0.1379465745424802,0,0,0,0,0,0,1,0,0,0
248,29,13,0,9.8,0.9,2.0,0.462,0.5,0.8,0.545,0.5,1.2,0.4,0.577,0.3,0.4,0.8,0.2,0.6,0.8,0.6,0.2,0.2,0.3,0.3,2.6,0.1379465745424802,0,0,0,0,0,0,0,0,1,0
250,35,69,69,29.1,3.9,8.2,0.467,1.3,3.8,0.336,2.6,4.4,0.582,0.546,1.2,1.4,0.842,1.6,6.1,7.7,3.4,0.7,1.3,0.9,1.9,10.2,0.6944862137798086,1,0,0,0,0,0,0,0,0,0
251,21,60,19,25.2,3.7,9.0,0.416,0.8,3.0,0.269,2.9,5.9,0.492,0.462,1.7,2.1,0.8,0.6,2.6,3.2,2.7,1.0,0.5,1.4,2.5,10.0,0.017564717714737645,0,0,0,0,0,0,0,0,1,0
255,23,74,60,29.6,4.7,10.3,0.454,2.2,5.6,0.389,2.5,4.7,0.53,0.559,0.6,0.7,0.808,0.4,3.0,3.4,2.7,0.7,0.4,1.2,2.5,12.1,0.060974160170769405,0,0,0,0,0,0,0,0,1,0
259,24,53,52,29.8,4.8,10.8,0.442,1.4,3.7,0.379,3.4,7.2,0.474,0.506,2.4,3.1,0.765,0.5,2.8,3.3,1.3,0.7,0.4,1.3,2.9,13.4,0.17167464505861513,0,0,0,0,0,0,1,0,0,0
260,25,6,0,3.7,0.2,0.3,0.5,0.0,0.0,0.0,0.2,0.3,0.5,0.5,0.3,0.3,1.0,0.0,0.8,0.8,0.3,0.0,0.0,0.7,0.2,0.7,0.053382122259335134,0,0,0,0,0,0,1,0,0,0
262,32,54,12,16.2,2.7,5.5,0.5,0.7,1.8,0.374,2.1,3.6,0.563,0.563,0.6,0.8,0.727,1.1,3.5,4.6,0.9,0.2,0.6,0.8,1.9,6.8,0.5763846158976065,0,1,0,0,0,0,0,0,0,0
262,32,35,10,15.4,2.7,5.5,0.49,0.7,1.8,0.387,2.0,3.7,0.538,0.552,0.6,0.8,0.69,1.1,3.1,4.3,1.0,0.2,0.7,0.9,1.6,6.6,0.5763846158976065,1,0,0,0,0,0,0,0,0,0
262,32,19,2,17.8,2.8,5.5,0.519,0.7,1.9,0.351,2.2,3.5,0.612,0.582,0.6,0.8,0.8,1.2,4.1,5.3,0.7,0.2,0.4,0.5,2.4,7.0,0.5763846158976065,0,0,1,0,0,0,0,0,0,0
263,38,31,0,19.5,1.5,3.9,0.38,0.5,2.4,0.23,0.9,1.5,0.617,0.45,0.5,0.6,0.75,0.7,2.5,3.2,3.7,0.9,0.7,0.9,1.1,4.0,0.4243635480173793,0,0,0,0,0,0,1,0,0,0
264,34,45,15,24.9,2.6,6.3,0.404,1.7,5.0,0.347,0.8,1.3,0.617,0.54,0.4,0.5,0.773,0.3,2.6,2.9,3.5,0.5,0.1,1.0,1.8,7.2,0.28122883113113195,0,0,0,0,0,0,1,0,0,0
265,24,55,55,34.0,8.2,17.9,0.461,1.3,4.1,0.327,6.9,13.8,0.501,0.498,4.8,5.9,0.826,0.6,5.2,5.8,5.6,0.6,0.5,2.7,2.2,22.7,0.17659825498522216,0,0,0,0,0,0,1,0,0,0
266,29,29,29,37.6,10.0,21.2,0.469,3.4,8.2,0.418,6.5,13.0,0.501,0.55,4.1,4.4,0.915,0.6,3.8,4.4,5.8,1.4,0.6,2.5,2.8,27.4,0.7879505046884381,0,0,0,0,1,0,0,0,0,0
268,23,53,7,22.0,3.7,9.1,0.402,1.6,5.3,0.308,2.0,3.8,0.529,0.491,1.6,2.0,0.827,0.4,1.3,1.6,1.0,0.5,0.2,0.7,1.7,10.6,0.03555347157772643,0,0,0,0,1,0,0,0,0,0
271,24,51,3,16.3,2.4,5.9,0.4,0.6,2.5,0.254,1.7,3.3,0.512,0.455,1.1,1.5,0.714,0.4,2.4,2.8,1.1,0.5,0.4,0.9,1.7,6.4,0.17145284845164863,0,0,0,0,0,0,1,0,0,0
271,24,39,3,18.1,2.6,6.4,0.41,0.8,2.9,0.265,1.9,3.5,0.529,0.47,1.0,1.4,0.714,0.4,2.7,3.2,1.3,0.5,0.5,1.0,1.8,7.1,0.17145284845164863,0,0,0,0,0,0,1,0,0,0
271,24,12,0,10.3,1.4,4.1,0.347,0.3,1.4,0.176,1.2,2.7,0.438,0.378,1.3,1.8,0.714,0.3,1.2,1.5,0.4,0.4,0.3,0.8,1.4,4.3,0.17145284845164863,0,0,0,0,0,0,1,0,0,0
272,26,7,0,5.3,0.7,2.1,0.333,0.4,1.3,0.333,0.3,0.9,0.333,0.433,0.3,0.3,1.0,0.1,0.9,1.0,0.3,0.0,0.0,0.1,0.4,2.1,0.07707539493595884,0,0,0,0,0,0,1,0,0,0
272,26,1,0,2.0,0.0,1.0,0.0,0.0,0.0,0.0,0.0,1.0,0.0,0.0,2.0,2.0,1.0,0.0,0.0,0.0,0.0,0.0,0.0,0.0,0.0,2.0,0.07707539493595884,0,0,0,0,0,0,1,0,0,0
272,26,6,0,5.8,0.8,2.3,0.357,0.5,1.5,0.333,0.3,0.8,0.4,0.464,0.0,0.0,0.0,0.2,1.0,1.2,0.3,0.0,0.0,0.2,0.5,2.2,0.07707539493595884,0,0,0,0,0,0,1,0,0,0
273,31,75,75,31.2,6.4,16.3,0.392,2.2,6.8,0.326,4.2,9.5,0.439,0.46,1.8,2.2,0.847,0.5,3.1,3.6,4.8,0.7,0.2,2.3,2.1,16.8,0.43971177331107936,0,0,0,0,0,0,0,0,1,0
274,37,56,56,37.2,11.4,21.8,0.524,2.9,8.0,0.359,8.6,13.8,0.62,0.59,4.5,6.0,0.756,1.1,7.1,8.2,6.2,1.3,1.1,3.5,2.2,30.3,0.9301915161249256,0,0,0,0,0,0,1,0,0,0
277,24,48,4,16.7,2.6,6.8,0.378,1.1,3.9,0.29,1.5,3.0,0.493,0.46,0.8,1.0,0.809,0.4,1.2,1.6,2.3,0.6,0.1,0.8,1.5,7.1,0.0499143023368995,0,0,0,0,0,0,0,0,1,0
279,25,23,0,7.3,0.7,1.7,0.436,0.0,0.2,0.0,0.7,1.5,0.486,0.436,0.3,0.5,0.583,1.2,1.4,2.7,0.4,0.2,0.0,0.5,0.8,1.8,0.030516390706812085,0,0,1,0,0,0,0,0,0,0
279,25,16,0,7.6,0.8,1.4,0.522,0.0,0.1,0.0,0.8,1.3,0.571,0.522,0.3,0.4,0.571,1.0,1.3,2.3,0.5,0.2,0.0,0.5,0.9,1.8,0.030516390706812085,0,0,1,0,0,0,0,0,0,0
279,25,3,0,6.0,0.7,2.0,0.333,0.0,0.7,0.0,0.7,1.3,0.5,0.333,0.0,0.3,0.0,1.7,2.3,4.0,0.0,0.0,0.0,1.0,0.0,1.3,0.030516390706812085,0,0,1,0,0,0,0,0,0,0
279,25,4,0,7.0,0.8,2.5,0.3,0.0,0.0,0.0,0.8,2.5,0.3,0.3,0.8,1.0,0.75,1.8,1.5,3.3,0.3,0.5,0.0,0.3,0.8,2.3,0.030516390706812085,0,0,1,0,0,0,0,0,0,0
281,25,66,16,26.2,4.2,9.2,0.46,2.5,5.9,0.425,1.7,3.3,0.523,0.596,1.5,1.7,0.86,0.6,3.5,4.1,1.5,0.9,0.2,0.7,1.7,12.5,0.09587115875064668,0,0,1,0,0,0,0,0,0,0
284,34,62,10,19.2,2.3,5.0,0.469,0.4,1.4,0.271,2.0,3.6,0.545,0.507,0.5,0.9,0.527,0.8,2.6,3.5,2.1,0.5,0.5,0.8,2.6,5.5,0.37851097097683994,0,0,1,0,0,0,0,0,0,0
286,22,75,74,31.9,6.3,13.5,0.466,2.1,5.3,0.398,4.2,8.2,0.51,0.545,2.4,3.1,0.756,1.1,5.0,6.1,2.1,0.8,0.2,1.2,2.0,17.0,0.04384786541122127,0,0,0,0,0,0,1,0,0,0
288,25,48,27,22.8,2.4,5.2,0.466,0.7,2.2,0.314,1.8,3.0,0.575,0.532,1.1,1.5,0.716,0.7,2.5,3.2,1.7,0.9,0.3,0.7,2.3,6.7,0.08561955972324478,0,0,1,0,0,0,0,0,0,0
289,29,6,0,15.2,1.0,3.3,0.3,0.8,2.2,0.385,0.2,1.2,0.143,0.425,0.0,0.0,0.0,0.5,1.5,2.0,1.2,0.5,0.5,0.3,1.2,2.8,0.48039466608133674,0,0,0,0,1,0,0,0,0,0
289,29,3,0,12.7,1.3,3.3,0.4,1.0,2.3,0.429,0.3,1.0,0.333,0.55,0.0,0.0,0.0,0.3,1.7,2.0,0.7,0.3,0.3,0.3,1.3,3.7,0.48039466608133674,0,0,0,0,1,0,0,0,0,0
289,29,3,0,17.7,0.7,3.3,0.2,0.7,2.0,0.333,0.0,1.3,0.0,0.3,0.0,0.0,0.0,0.7,1.3,2.0,1.7,0.7,0.7,0.3,1.0,2.0,0.48039466608133674,0,0,0,0,1,0,0,0,0,0
290,26,74,74,33.5,10.3,17.7,0.583,1.3,3.9,0.337,9.0,13.8,0.652,0.62,5.1,6.3,0.81,2.8,11.0,13.8,7.9,1.5,0.9,3.8,2.6,27.1,0.6821133100418588,1,0,0,0,0,0,0,0,0,0
295,26,2,0,7.5,1.0,1.5,0.667,0.0,0.0,0.0,1.0,1.5,0.667,0.667,0.0,0.0,0.0,1.0,0.5,1.5,0.0,0.5,0.0,0.0,1.0,2.0,0.0,0,0,0,0,0,0,1,0,0,0
299,25,73,23,21.2,3.4,7.6,0.451,1.1,2.8,0.39,2.3,4.8,0.487,0.524,0.7,0.9,0.818,0.2,2.2,2.4,4.4,0.9,0.0,0.6,0.4,8.7,0.24779584001980584,0,0,0,0,1,0,0,0,0,0
300,33,48,20,13.0,1.9,3.0,0.643,0.0,0.0,0.0,1.9,3.0,0.643,0.643,0.5,0.8,0.55,1.7,3.8,5.5,0.4,0.3,0.7,0.8,1.5,4.3,0.2419411589087517,1,0,0,0,0,0,0,0,0,0
300,33,32,19,12.8,1.9,2.8,0.674,0.0,0.0,0.0,1.9,2.8,0.674,0.674,0.4,0.8,0.462,1.6,3.8,5.4,0.4,0.3,0.8,0.7,1.6,4.1,0.2419411589087517,1,0,0,0,0,0,0,0,0,0
300,33,16,1,13.4,2.0,3.4,0.593,0.0,0.0,0.0,2.0,3.4,0.593,0.593,0.6,0.9,0.714,2.0,3.8,5.8,0.5,0.1,0.6,1.0,1.3,4.6,0.2419411589087517,1,0,0,0,0,0,0,0,0,0
301,30,65,39,24.6,2.7,6.2,0.445,1.0,2.4,0.414,1.7,3.7,0.465,0.526,1.5,1.7,0.885,0.4,2.2,2.7,3.6,0.6,0.3,1.3,2.3,8.0,0.294852687714049,0,0,0,0,1,0,0,0,0,0
303,28,9,0,20.1,4.0,7.3,0.545,0.6,1.7,0.333,3.4,5.7,0.608,0.583,2.0,2.2,0.9,1.2,3.3,4.6,1.4,0.9,0.8,0.6,1.6,10.6,0.11419335683694659,1,0,0,0,0,0,0,0,0,0
304,25,70,13,27.4,4.1,9.1,0.449,2.7,6.0,0.449,1.4,3.1,0.449,0.598,1.0,1.1,0.896,0.3,3.0,3.3,2.1,0.6,0.1,0.9,1.4,11.9,0.09071888351584387,0,0,0,0,0,0,0,0,1,0
309,30,59,21,24.6,2.4,6.0,0.398,1.4,4.3,0.325,1.0,1.7,0.586,0.516,0.8,1.1,0.708,1.2,4.7,5.9,1.2,0.5,1.0,0.8,2.3,7.0,0.19494430619760914,0,0,1,0,0,0,0,0,0,0
310,30,5,0,13.0,2.0,5.0,0.4,0.8,3.4,0.235,1.2,1.6,0.75,0.48,1.6,1.6,1.0,0.0,1.6,1.6,1.6,0.2,0.0,0.8,1.0,6.4,0.38586297900168093,0,0,0,0,1,0,0,0,0,0
312,22,30,0,7.4,1.0,2.8,0.365,0.5,1.8,0.278,0.5,1.0,0.516,0.453,0.5,0.7,0.727,0.5,1.0,1.5,0.3,0.1,0.1,0.2,0.6,3.1,0.10453021817667653,0,0,0,0,0,0,1,0,0,0
312,22,13,0,8.5,1.2,3.1,0.375,0.8,2.2,0.357,0.4,0.9,0.417,0.5,0.5,0.8,0.7,0.6,1.1,1.7,0.2,0.2,0.1,0.4,0.4,3.6,0.10453021817667653,0,0,0,0,0,0,1,0,0,0
312,22,17,0,6.5,0.9,2.6,0.356,0.3,1.5,0.192,0.6,1.1,0.579,0.411,0.5,0.7,0.75,0.4,0.9,1.3,0.4,0.1,0.1,0.1,0.8,2.7,0.10453021817667653,0,0,0,0,0,0,1,0,0,0
314,24,67,19,21.1,2.7,7.0,0.387,1.1,4.0,0.289,1.6,3.0,0.515,0.469,1.0,1.3,0.81,0.3,2.3,2.6,1.9,0.5,0.1,0.7,0.9,7.6,0.035604524760681336,0,0,0,0,0,0,0,0,1,0
315,26,15,0,6.9,0.9,1.8,0.481,0.0,0.3,0.0,0.9,1.5,0.591,0.481,0.3,0.4,0.667,0.9,1.1,1.9,0.6,0.2,0.2,0.0,0.6,2.0,0.0513260077677268,1,0,0,0,0,0,0,0,0,0
315,26,2,0,7.5,0.5,2.5,0.2,0.0,0.5,0.0,0.5,2.0,0.25,0.2,1.0,1.5,0.667,1.0,0.5,1.5,0.5,0.0,0.5,0.0,0.5,2.0,0.0513260077677268,1,0,0,0,0,0,0,0,0,0
315,26,1,0,3.0,0.0,1.0,0.0,0.0,0.0,0.0,0.0,1.0,0.0,0.0,0.0,0.0,0.0,1.0,0.0,1.0,0.0,0.0,0.0,0.0,1.0,0.0,0.0513260077677268,1,0,0,0,0,0,0,0,0,0
315,26,12,0,7.1,1.0,1.8,0.571,0.0,0.3,0.0,1.0,1.4,0.706,0.571,0.2,0.3,0.667,0.8,1.3,2.1,0.7,0.3,0.2,0.0,0.6,2.2,0.0513260077677268,1,0,0,0,0,0,0,0,0,0
319,26,66,66,33.4,6.4,14.2,0.452,1.9,5.7,0.341,4.5,8.5,0.526,0.52,2.4,3.3,0.712,1.1,7.4,8.5,3.5,0.6,0.9,2.6,1.9,17.1,0.044447315700319914,0,0,1,0,0,0,0,0,0,0
321,29,56,0,16.7,2.4,6.2,0.383,1.0,3.0,0.324,1.4,3.2,0.441,0.463,1.6,1.9,0.84,0.5,2.3,2.8,1.4,0.6,0.4,0.7,1.1,7.3,0.25738704464538403,0,0,0,0,0,0,0,1,0,0
321,29,39,0,15.7,2.2,5.8,0.373,1.0,3.0,0.333,1.2,2.8,0.414,0.458,1.7,2.1,0.838,0.4,2.0,2.4,1.3,0.6,0.4,0.6,1.1,7.1,0.25738704464538403,0,0,0,0,0,0,1,0,0,0
321,29,17,0,18.9,2.8,7.0,0.403,0.9,3.1,0.302,1.9,3.9,0.485,0.471,1.3,1.5,0.846,0.6,2.9,3.5,1.8,0.5,0.5,0.8,0.9,7.9,0.25738704464538403,0,0,0,0,0,0,0,0,1,0
323,22,48,5,16.1,1.7,4.0,0.435,0.6,1.8,0.341,1.1,2.2,0.509,0.51,0.5,0.9,0.548,0.6,1.6,2.3,0.4,0.5,0.3,0.3,1.0,4.5,0.08150832982384328,0,0,0,0,0,0,0,0,1,0
323,22,44,5,16.5,1.8,4.2,0.429,0.7,1.9,0.349,1.1,2.3,0.495,0.508,0.5,0.8,0.588,0.7,1.7,2.4,0.4,0.5,0.4,0.4,1.0,4.7,0.08150832982384328,0,0,0,0,0,0,0,0,1,0
323,22,4,0,10.8,1.0,1.8,0.571,0.0,0.5,0.0,1.0,1.3,0.8,0.571,0.8,2.0,0.375,0.0,1.0,1.0,0.5,0.3,0.0,0.0,0.3,2.8,0.08150832982384328,0,0,0,0,0,0,0,0,1,0
324,26,67,67,34.7,8.4,17.7,0.476,2.8,7.1,0.389,5.7,10.6,0.534,0.554,4.8,5.6,0.853,0.3,4.3,4.6,4.5,0.6,0.3,2.6,1.8,24.4,0.48218090305737377,0,0,0,0,0,0,1,0,0,0
325,27,34,1,6.8,0.9,2.1,0.411,0.2,1.0,0.229,0.6,1.1,0.579,0.466,0.4,0.5,0.722,0.2,0.9,1.1,0.3,0.2,0.1,0.3,0.4,2.4,0.08459514913336597,0,0,0,0,0,0,1,0,0,0
328,28,39,10,15.9,2.4,4.5,0.534,0.2,0.5,0.286,2.3,4.0,0.568,0.551,1.1,1.6,0.651,1.3,2.8,4.1,1.2,0.3,0.6,1.1,2.6,6.0,0.09903225994182684,1,0,0,0,0,0,0,0,0,0
329,27,58,49,30.7,6.5,14.7,0.444,1.4,4.4,0.32,5.1,10.3,0.497,0.492,2.5,3.3,0.756,0.7,2.9,3.7,4.3,0.9,0.4,1.9,2.3,17.0,0.060710327112279854,0,0,0,0,0,0,0,0,1,0
329,27,39,39,31.1,7.1,15.9,0.447,1.6,4.8,0.323,5.6,11.1,0.501,0.496,2.8,3.7,0.76,0.8,3.1,3.8,4.4,0.9,0.5,1.9,2.3,18.7,0.060710327112279854,0,0,0,0,0,0,0,0,1,0
329,27,19,10,29.8,5.3,12.2,0.435,1.1,3.5,0.313,4.2,8.7,0.485,0.481,1.8,2.5,0.745,0.7,2.7,3.4,3.9,0.8,0.3,1.7,2.1,13.6,0.060710327112279854,0,0,0,0,0,0,0,0,1,0
332,31,29,29,36.4,7.7,19.0,0.402,3.2,9.8,0.324,4.5,9.2,0.485,0.486,5.5,6.2,0.878,0.4,3.7,4.1,7.3,0.6,0.4,2.9,1.3,24.0,0.7395029573005815,0,0,0,0,1,0,0,0,0,0
333,21,42,23,25.9,3.5,7.5,0.46,1.2,3.7,0.331,2.2,3.8,0.584,0.541,1.6,2.2,0.734,1.4,4.2,5.6,1.3,0.6,0.9,1.0,2.0,9.8,0.04771731702735299,0,0,0,0,0,0,1,0,0,0
335,25,82,80,21.1,2.5,4.4,0.571,0.0,0.0,0.0,2.5,4.4,0.573,0.571,0.9,1.5,0.6,2.5,4.7,7.3,2.0,0.6,0.6,0.8,2.6,6.0,0.1066324403863547,1,0,0,0,0,0,0,0,0,0
336,33,13,11,22.9,4.7,10.1,0.466,1.5,4.1,0.358,3.2,6.0,0.538,0.538,1.5,1.8,0.87,1.5,2.6,4.1,0.5,0.6,1.2,0.9,2.6,12.4,0.2971761570345953,1,0,0,0,0,0,0,0,0,0
337,33,36,9,17.0,3.1,5.5,0.553,0.1,0.2,0.333,3.0,5.4,0.56,0.558,0.9,1.5,0.593,1.9,1.6,3.5,1.5,0.1,0.5,1.2,1.9,7.1,0.11419335683694659,1,0,0,0,0,0,0,0,0,0
339,33,74,4,22.5,4.4,10.3,0.43,2.5,6.4,0.392,1.9,3.8,0.493,0.553,2.2,2.7,0.838,1.2,6.1,7.2,2.2,0.4,0.2,1.3,1.4,13.6,0.7180353686160948,0,0,1,0,0,0,0,0,0,0
340,35,63,63,33.9,4.4,10.0,0.44,2.3,6.1,0.377,2.1,3.9,0.539,0.555,2.3,2.8,0.851,0.5,4.0,4.5,7.5,1.1,0.3,2.7,2.8,13.4,0.8267723041278072,0,0,0,0,1,0,0,0,0,0
343,26,75,23,20.5,3.5,7.5,0.466,0.9,2.8,0.321,2.6,4.7,0.552,0.526,2.6,3.2,0.802,1.2,3.9,5.1,1.2,0.4,0.4,1.0,1.6,10.5,0.1325015677498342,0,0,1,0,0,0,0,0,0,0
343,26,51,3,19.4,3.4,7.5,0.456,0.9,2.9,0.301,2.6,4.7,0.55,0.513,2.7,3.5,0.784,1.2,3.6,4.8,1.1,0.4,0.5,1.1,1.8,10.4,0.1325015677498342,0,0,1,0,0,0,0,0,0,0
343,26,24,20,22.8,3.6,7.4,0.489,1.0,2.6,0.365,2.7,4.8,0.557,0.553,2.4,2.8,0.851,1.2,4.4,5.6,1.3,0.3,0.3,0.8,1.3,10.6,0.1325015677498342,0,0,1,0,0,0,0,0,0,0
346,25,81,33,28.6,4.1,8.5,0.484,0.9,2.6,0.365,3.2,6.0,0.535,0.539,1.6,2.0,0.78,1.3,4.0,5.2,2.6,0.7,0.3,1.0,2.2,10.8,0.020104638543839336,0,0,0,0,0,0,1,0,0,0
348,33,23,0,5.6,1.8,3.0,0.6,0.0,0.2,0.25,1.8,2.9,0.621,0.607,0.6,1.0,0.591,0.3,1.3,1.7,0.1,0.0,0.1,0.7,1.0,4.3,0.08254737699161425,1,0,0,0,0,0,0,0,0,0
349,24,61,61,30.8,5.1,11.5,0.445,2.2,6.2,0.358,2.9,5.3,0.548,0.542,2.3,2.6,0.868,1.0,4.7,5.7,1.3,0.7,0.5,0.9,2.1,14.8,0.12751613951216387,0,0,1,0,0,0,0,0,0,0
357,35,49,14,20.4,1.8,4.5,0.395,1.1,3.2,0.338,0.7,1.3,0.54,0.516,0.4,0.6,0.786,0.6,1.3,1.9,0.7,0.5,0.2,0.4,1.8,5.1,0.0591876234695878,0,0,0,0,0,0,0,0,1,0
362,30,62,62,34.6,8.6,18.8,0.46,2.9,7.6,0.388,5.7,11.2,0.509,0.539,1.9,2.7,0.682,0.9,3.5,4.3,5.1,1.1,0.4,2.0,2.0,22.1,0.6834203364659523,0,0,0,0,0,0,0,0,1,0
362,30,36,36,35.2,8.1,18.5,0.436,3.1,8.0,0.384,5.0,10.4,0.476,0.52,1.3,1.9,0.706,0.9,3.3,4.3,4.5,1.0,0.6,1.9,2.1,20.5,0.6834203364659523,0,0,0,0,0,0,0,0,1,0
362,30,26,26,33.8,9.5,19.2,0.493,2.7,6.9,0.394,6.7,12.3,0.549,0.564,2.6,3.9,0.667,0.7,3.7,4.5,5.8,1.3,0.0,2.2,1.7,24.3,0.6834203364659523,0,0,0,0,0,0,0,0,1,0
366,30,51,51,24.0,4.2,9.1,0.462,2.1,5.0,0.422,2.1,4.1,0.512,0.578,0.8,1.0,0.784,0.4,1.9,2.3,1.3,0.3,0.1,0.8,1.5,11.3,0.17829290095250402,0,0,1,0,0,0,0,0,0,0
367,34,74,17,15.8,3.9,6.2,0.629,0.0,0.1,0.222,3.9,6.1,0.637,0.631,1.4,2.0,0.699,2.2,4.5,6.7,0.6,0.3,1.1,1.3,2.4,9.2,0.09503592468116924,1,0,0,0,0,0,0,0,0,0
369,30,51,2,14.8,1.9,4.4,0.436,1.1,2.9,0.397,0.8,1.5,0.506,0.564,0.4,0.5,0.731,0.6,1.6,2.2,0.9,0.4,0.1,0.5,1.1,5.4,0.11520974977920871,0,0,0,0,0,0,0,0,1,0
370,29,17,3,12.1,1.4,3.6,0.393,0.5,1.6,0.333,0.9,2.0,0.441,0.467,0.1,0.5,0.25,0.8,1.2,1.9,0.3,0.1,0.2,0.4,1.5,3.5,0.05487238065512973,0,0,0,0,0,0,1,0,0,0
373,28,64,6,20.1,3.4,8.4,0.401,2.4,6.5,0.362,1.0,1.9,0.533,0.541,1.1,1.4,0.818,0.2,1.4,1.6,0.9,0.6,0.2,0.9,1.6,10.2,0.045795928988219575,0,0,0,0,0,0,0,0,1,0
374,23,73,15,22.7,3.8,9.5,0.404,1.9,5.1,0.374,1.9,4.4,0.44,0.504,1.2,1.6,0.75,0.9,3.6,4.5,2.7,1.4,0.5,1.5,1.8,10.8,0.030516390706812085,0,0,0,0,0,0,0,0,1,0
376,24,60,20,21.3,3.4,7.5,0.452,1.0,3.1,0.306,2.4,4.4,0.555,0.516,1.2,1.5,0.78,0.6,5.0,5.6,1.0,0.9,0.5,1.0,1.6,8.9,0.030516390706812085,1,0,0,0,0,0,0,0,0,0
377,30,66,66,32.4,6.8,15.5,0.443,2.5,6.6,0.373,4.4,8.9,0.494,0.522,3.9,4.4,0.89,0.6,4.8,5.4,5.4,1.2,0.3,2.9,2.4,20.1,0.7595127827903617,0,0,0,0,0,0,1,0,0,0
380,36,33,1,11.4,1.4,3.5,0.391,0.2,1.1,0.229,1.1,2.4,0.463,0.426,0.5,0.7,0.708,1.2,2.2,3.5,0.9,0.3,0.4,0.6,2.0,3.5,0.753182387920717,0,0,1,0,0,0,0,0,0,0
380,36,24,0,11.3,1.3,3.5,0.376,0.3,1.1,0.222,1.1,2.4,0.448,0.412,0.5,0.7,0.706,1.2,2.5,3.7,1.0,0.2,0.5,0.5,2.0,3.4,0.753182387920717,0,0,1,0,0,0,0,0,0,0
380,36,9,1,11.8,1.4,3.3,0.433,0.2,0.9,0.25,1.2,2.4,0.5,0.467,0.6,0.8,0.714,1.3,1.4,2.8,0.6,0.6,0.2,0.9,2.1,3.7,0.753182387920717,0,0,1,0,0,0,0,0,0,0
381,25,55,6,21.4,3.1,7.3,0.429,0.8,2.4,0.323,2.4,4.9,0.481,0.483,1.1,1.3,0.836,0.5,2.0,2.6,2.5,0.5,0.3,0.8,1.8,8.2,0.031236855023022515,0,0,0,0,1,0,0,0,0,0
383,25,67,67,33.8,9.2,20.5,0.448,3.5,9.8,0.355,5.7,10.8,0.533,0.533,4.0,4.7,0.853,0.8,3.4,4.2,5.3,1.5,0.2,3.0,2.4,25.9,0.08593826746028223,0,0,0,0,0,0,0,0,1,0
385,23,76,37,28.1,5.1,10.9,0.473,2.3,5.8,0.391,2.9,5.1,0.568,0.578,1.2,1.5,0.795,0.5,2.9,3.4,2.9,0.8,0.4,1.6,1.8,13.8,0.09574527418993596,0,0,0,0,0,0,0,0,1,0
390,22,57,57,33.1,10.2,20.6,0.493,1.5,4.5,0.344,8.6,16.2,0.534,0.53,5.5,7.3,0.761,1.4,4.4,5.7,6.7,1.2,0.4,3.4,1.5,27.4,0.2131835803272504,0,0,0,0,1,0,0,0,0,0
393,32,54,54,29.0,5.6,12.8,0.434,1.9,5.1,0.367,3.7,7.7,0.478,0.507,2.4,2.7,0.872,0.5,3.9,4.4,2.1,0.5,0.3,1.3,2.1,15.4,0.3697839738513789,0,0,1,0,0,0,0,0,0,0
394,32,17,1,17.5,3.2,6.7,0.474,0.8,2.3,0.333,2.4,4.4,0.547,0.531,0.5,0.5,0.889,1.0,1.6,2.6,1.4,0.4,0.1,1.2,1.9,7.6,0.08778974460944951,0,0,1,0,0,0,0,0,0,0
395,26,75,74,29.9,5.0,10.3,0.484,1.7,4.2,0.395,3.3,6.1,0.545,0.564,1.0,1.1,0.869,0.4,2.7,3.0,4.4,0.7,0.2,1.0,1.2,12.6,0.034796940335788576,0,0,0,0,1,0,0,0,0,0
396,25,2,0,5.5,0.0,1.0,0.0,0.0,0.0,0.0,0.0,1.0,0.0,0.0,1.5,2.0,0.75,0.0,0.0,0.0,2.0,0.5,0.0,0.5,0.5,1.5,0.03851637951707335,0,0,0,0,1,0,0,0,0,0
400,25,68,68,34.8,8.4,18.3,0.462,1.4,4.3,0.327,7.0,13.9,0.504,0.5,2.9,3.6,0.794,1.2,7.1,8.3,9.2,2.0,0.3,2.6,2.0,21.1,0.05311773970474725,0,0,0,0,1,0,0,0,0,0
401,30,43,0,13.8,2.6,5.8,0.456,1.6,3.8,0.429,1.0,2.0,0.506,0.597,1.1,1.3,0.842,0.5,2.5,3.0,0.5,0.4,0.6,0.3,1.3,8.0,0.045795928988219575,1,0,0,0,0,0,0,0,0,0
403,28,14,0,10.4,0.9,2.5,0.343,0.3,1.0,0.286,0.6,1.5,0.381,0.4,0.4,0.7,0.6,0.3,1.6,1.9,0.5,0.6,0.3,0.8,1.4,2.4,0.03555347157772643,0,0,0,0,0,0,1,0,0,0
407,29,70,19,19.6,2.9,6.3,0.463,0.5,1.7,0.292,2.4,4.6,0.526,0.502,1.2,1.5,0.769,0.2,1.7,1.9,3.1,0.8,0.0,1.1,1.5,7.5,0.03851637951707335,0,0,0,0,1,0,0,0,0,0
409,28,76,7,22.8,3.2,7.4,0.437,2.1,5.1,0.403,1.2,2.3,0.511,0.575,0.7,0.8,0.881,0.3,2.3,2.7,1.3,0.4,0.2,0.8,2.5,9.2,0.03622378188641561,0,0,1,0,0,0,0,0,0,0
412,27,25,11,22.5,1.3,2.4,0.533,0.0,0.1,0.0,1.3,2.3,0.561,0.533,0.8,1.2,0.7,1.9,3.7,5.6,0.9,1.2,1.2,0.8,2.7,3.4,0.042156091809908015,1,0,0,0,0,0,0,0,0,0
414,23,58,5,11.8,1.5,3.8,0.399,0.7,1.9,0.342,0.9,1.9,0.455,0.484,0.4,0.4,0.96,0.2,1.2,1.4,1.2,0.5,0.1,0.5,1.1,4.1,0.11641132290661155,0,0,0,0,1,0,0,0,0,0
415,27,56,56,28.2,5.7,10.7,0.535,0.3,1.0,0.268,5.5,9.7,0.563,0.548,3.3,4.8,0.69,3.0,8.1,11.1,2.8,1.1,0.6,2.6,3.4,15.0,0.294852687714049,1,0,0,0,0,0,0,0,0,0
416,29,46,4,13.2,1.8,3.8,0.483,0.3,1.1,0.306,1.5,2.8,0.551,0.526,1.0,1.5,0.716,0.9,2.4,3.3,0.8,0.6,0.4,0.5,1.2,5.1,0.059617529235253035,0,0,0,0,0,0,1,0,0,0
418,28,77,77,31.2,2.6,5.8,0.457,1.5,4.0,0.389,1.1,1.8,0.609,0.591,0.6,0.7,0.804,0.8,3.9,4.8,2.5,1.1,0.4,1.0,2.4,7.4,0.03555347157772643,0,0,0,0,0,0,1,0,0,0
419,27,30,0,13.5,1.0,3.3,0.303,0.5,1.7,0.3,0.5,1.6,0.306,0.379,0.8,1.0,0.793,0.9,1.6,2.5,0.3,0.2,0.2,0.3,1.0,3.3,0.03555347157772643,0,0,1,0,0,0,0,0,0,0
419,27,20,0,15.4,0.9,3.5,0.257,0.6,2.1,0.268,0.4,1.5,0.241,0.336,0.5,0.7,0.769,1.3,1.7,2.9,0.3,0.3,0.3,0.3,1.3,2.9,0.03555347157772643,0,0,1,0,0,0,0,0,0,0
419,27,10,0,9.8,1.2,2.9,0.414,0.4,0.9,0.444,0.8,2.0,0.4,0.483,1.3,1.6,0.813,0.2,1.4,1.6,0.4,0.2,0.1,0.4,0.4,4.1,0.03555347157772643,0,0,1,0,0,0,0,0,0,0
420,23,70,20,25.0,3.1,8.2,0.376,1.7,5.3,0.318,1.4,2.9,0.48,0.478,0.8,0.9,0.846,0.7,4.3,5.0,1.7,1.4,0.6,0.8,1.4,8.6,0.06440276605345982,0,0,1,0,0,0,0,0,0,0
421,23,49,6,10.5,0.9,2.1,0.404,0.3,1.0,0.298,0.6,1.2,0.491,0.471,0.7,1.0,0.686,0.6,0.8,1.4,0.5,0.5,0.2,0.5,1.1,2.7,0.058336578898735385,0,0,0,0,0,0,0,0,1,0
424,22,21,0,11.6,1.4,3.3,0.435,0.4,1.2,0.346,1.0,2.0,0.488,0.5,0.4,0.5,0.727,0.5,1.4,2.0,0.7,0.2,0.3,0.2,1.2,3.7,0.017564717714737645,0,0,1,0,0,0,0,0,0,0
425,29,8,1,21.6,4.4,9.1,0.479,1.9,4.5,0.417,2.5,4.6,0.541,0.582,1.8,2.4,0.737,0.4,2.5,2.9,3.5,0.6,0.1,2.0,1.6,12.4,0.5196465461260388,0,0,0,0,0,0,0,0,1,0
427,30,40,1,19.1,3.2,7.2,0.448,1.0,3.0,0.336,2.2,4.2,0.527,0.517,1.7,2.2,0.775,1.4,3.1,4.4,2.8,0.8,0.5,1.5,2.5,9.1,0.31153451506132585,1,0,0,0,0,0,0,0,0,0
429,24,16,0,2.8,0.1,0.6,0.222,0.1,0.5,0.125,0.1,0.1,1.0,0.278,0.0,0.1,0.0,0.1,0.4,0.4,0.3,0.0,0.0,0.1,0.4,0.3,0.017564717714737645,0,0,0,0,0,0,0,0,1,0
430,26,66,3,22.2,3.7,8.7,0.432,1.9,5.4,0.357,1.8,3.2,0.559,0.544,1.3,2.0,0.664,0.4,1.8,2.2,2.0,0.8,0.2,1.0,1.9,10.7,0.06773953115644125,0,0,0,0,0,0,1,0,0,0
436,26,12,0,9.3,1.5,3.2,0.474,0.7,1.3,0.5,0.8,1.8,0.455,0.579,0.8,0.8,1.0,0.4,1.9,2.3,0.5,0.3,0.1,0.7,1.1,4.4,0.15747866312894418,0,0,1,0,0,0,0,0,0,0
437,25,58,3,12.7,2.0,4.1,0.485,0.7,1.9,0.37,1.3,2.2,0.583,0.57,1.1,1.5,0.767,0.5,1.3,1.8,0.6,0.2,0.1,0.5,0.9,5.8,0.017564717714737645,0,0,1,0,0,0,0,0,0,0
438,36,65,65,32.9,5.6,11.3,0.493,1.0,3.1,0.317,4.6,8.3,0.559,0.536,2.6,3.1,0.837,0.3,4.0,4.4,10.8,1.9,0.3,2.4,2.1,14.7,0.9569076167927106,0,0,0,0,1,0,0,0,0,0
439,27,58,12,22.0,4.1,10.1,0.409,1.2,3.6,0.336,2.9,6.5,0.449,0.469,1.3,1.5,0.843,0.4,2.6,3.0,4.9,0.7,0.3,1.8,2.1,10.8,0.003776811569370598,0,0,0,0,1,0,0,0,0,0
440,27,50,1,11.0,1.3,3.5,0.383,0.1,0.4,0.222,1.3,3.1,0.401,0.394,0.2,0.6,0.375,0.4,1.3,1.8,2.0,0.5,0.1,0.9,0.8,3.0,0.19494430619760914,0,0,0,0,1,0,0,0,0,0
445,26,19,0,7.8,0.7,2.1,0.359,0.5,1.6,0.333,0.2,0.5,0.444,0.487,0.5,0.5,1.0,0.1,1.0,1.1,0.9,0.3,0.1,0.3,0.6,2.5,0.031236855023022515,0,0,0,0,0,0,1,0,0,0
446,31,73,73,24.6,2.8,4.4,0.641,0.0,0.0,0.0,2.8,4.4,0.645,0.641,0.9,2.3,0.392,2.4,5.3,7.7,3.1,0.8,0.7,1.4,3.1,6.5,0.34583333718396886,1,0,0,0,0,0,0,0,0,0
447,26,68,67,29.0,6.0,9.8,0.618,0.0,0.0,1.0,6.0,9.7,0.618,0.619,1.4,2.8,0.495,3.9,5.5,9.3,2.8,0.7,1.7,1.6,3.1,13.5,0.0889136639473187,1,0,0,0,0,0,0,0,0,0
450,22,76,51,30.0,6.2,13.9,0.448,2.8,7.6,0.364,3.5,6.3,0.55,0.548,3.2,3.5,0.925,0.4,3.0,3.4,4.0,0.8,0.3,2.5,2.7,18.5,0.04420154108178947,0,0,0,0,0,0,0,0,1,0
454,26,72,59,28.2,5.8,12.1,0.479,1.8,4.7,0.393,3.9,7.4,0.533,0.555,1.2,1.6,0.752,2.5,6.6,9.1,1.2,0.7,0.7,1.3,2.4,14.6,0.3697839738513789,1,0,0,0,0,0,0,0,0,0
455,26,51,51,29.0,6.9,15.0,0.459,1.5,4.9,0.31,5.4,10.1,0.532,0.51,4.9,5.6,0.867,2.0,6.1,8.1,2.3,0.7,1.6,1.6,2.7,20.2,0.676627590583745,0,0,1,0,0,0,0,0,0,0
455,26,34,34,29.5,6.7,14.9,0.451,1.4,5.1,0.283,5.3,9.9,0.537,0.499,4.3,5.0,0.865,1.9,5.8,7.7,2.0,0.7,1.7,1.6,2.6,19.2,0.676627590583745,0,0,1,0,0,0,0,0,0,0
455,26,17,17,28.2,7.2,15.2,0.475,1.7,4.6,0.367,5.5,10.6,0.522,0.531,5.9,6.8,0.871,2.2,6.6,8.8,2.9,0.7,1.5,1.6,2.9,22.1,0.676627590583745,0,0,1,0,0,0,0,0,0,0
457,30,82,71,21.9,3.3,4.9,0.671,0.2,0.5,0.351,3.1,4.4,0.703,0.687,2.0,2.6,0.783,2.1,2.8,4.9,1.2,0.5,0.5,0.8,2.7,8.7,0.2513769310697857,1,0,0,0,0,0,0,0,0,0
459,28,45,41,32.4,6.2,13.4,0.461,2.4,5.6,0.419,3.8,7.8,0.491,0.549,4.2,5.2,0.811,0.4,2.8,3.2,2.1,0.9,0.5,1.5,2.4,19.0,0.24781022682674422,0,0,0,0,0,0,0,1,0,0
459,28,40,39,33.3,6.2,13.6,0.456,2.3,5.7,0.406,3.9,7.8,0.492,0.542,4.0,5.0,0.803,0.4,2.9,3.3,2.1,1.0,0.4,1.6,2.3,18.7,0.24781022682674422,0,0,0,0,0,0,1,0,0,0
459,28,5,2,25.0,6.4,12.6,0.508,2.6,4.8,0.542,3.8,7.8,0.487,0.611,6.0,7.0,0.857,0.6,2.2,2.8,2.8,0.4,0.8,1.4,2.8,21.4,0.24781022682674422,0,0,0,0,0,0,0,0,1,0
461,27,69,8,17.1,2.6,5.7,0.454,1.2,3.3,0.376,1.3,2.3,0.565,0.564,0.9,1.2,0.756,0.4,2.1,2.5,1.0,0.7,0.3,0.8,1.7,7.3,0.0820974146183596,0,0,1,0,0,0,0,0,0,0
467,27,72,72,35.3,7.1,17.3,0.411,1.7,5.4,0.308,5.4,11.9,0.458,0.459,4.2,5.6,0.756,1.7,8.2,9.9,5.1,0.7,0.5,3.4,2.8,20.1,0.4447152599887088,0,0,1,0,0,0,0,0,0,0
472,22,77,6,15.8,3.0,6.2,0.489,0.7,2.2,0.343,2.3,4.0,0.568,0.549,1.5,1.9,0.765,1.3,2.6,3.9,0.9,0.5,0.9,1.1,2.2,8.3,0.017564717714737645,1,0,0,0,0,0,0,0,0,0
474,28,65,7,24.6,3.6,8.2,0.438,1.6,3.8,0.415,2.0,4.4,0.458,0.534,1.5,1.7,0.889,0.6,2.2,2.8,1.8,0.9,0.4,1.0,1.8,10.2,0.24781022682674422,0,0,0,0,0,0,0,0,1,0
474,28,44,0,24.7,3.5,7.8,0.443,1.4,3.5,0.397,2.0,4.3,0.481,0.534,1.4,1.6,0.859,0.6,2.3,2.8,1.5,0.8,0.5,0.9,1.9,9.7,0.24781022682674422,0,0,0,0,0,0,0,0,1,0
474,28,21,7,24.4,3.9,9.1,0.429,1.9,4.3,0.444,2.0,4.8,0.416,0.534,1.7,1.8,0.946,0.8,2.1,2.9,2.3,1.0,0.3,1.3,1.6,11.4,0.24781022682674422,0,0,0,0,0,0,0,0,1,0
475,29,67,18,22.1,2.2,5.2,0.417,1.2,3.4,0.342,1.0,1.8,0.563,0.53,0.5,0.7,0.727,0.3,1.4,1.7,1.3,0.8,0.1,0.8,1.8,6.0,0.04943549141848196,0,0,0,0,0,0,0,0,1,0
476,27,79,68,25.9,3.7,9.2,0.399,2.9,7.9,0.372,0.7,1.3,0.569,0.559,0.6,0.8,0.836,0.3,2.3,2.6,1.6,0.5,0.2,0.8,2.5,10.9,0.030516390706812085,0,0,0,0,0,0,0,0,1,0
478,23,72,62,25.7,3.6,4.8,0.761,0.0,0.0,0.0,3.6,4.8,0.761,0.761,1.2,2.5,0.486,4.1,4.5,8.6,0.5,0.8,1.8,0.8,2.7,8.5,0.03408461855267174,1,0,0,0,0,0,0,0,0,0
481,35,39,1,17.9,1.7,4.5,0.386,0.8,2.3,0.352,0.9,2.3,0.42,0.474,0.5,0.7,0.731,0.4,2.4,2.8,4.4,0.8,0.2,1.7,1.4,4.8,0.0591876234695878,0,0,0,0,1,0,0,0,0,0
481,35,18,0,16.1,1.3,3.9,0.324,0.4,1.7,0.267,0.8,2.3,0.366,0.38,0.1,0.1,0.5,0.6,2.2,2.7,3.7,0.7,0.3,1.9,1.4,3.1,0.0591876234695878,0,0,0,0,1,0,0,0,0,0
481,35,21,1,19.4,2.1,5.0,0.429,1.1,2.8,0.397,1.0,2.2,0.468,0.538,0.9,1.1,0.75,0.2,2.6,2.8,4.9,0.9,0.0,1.6,1.5,6.2,0.0591876234695878,0,0,0,0,1,0,0,0,0,0
482,33,26,4,24.5,4.7,10.5,0.445,1.4,3.5,0.402,3.3,7.0,0.467,0.513,1.2,1.2,0.968,0.8,2.2,3.0,4.0,0.8,0.5,1.5,0.6,12.0,0.17788679835873508,0,0,0,0,1,0,0,0,0,0
483,30,63,0,23.0,3.5,8.8,0.397,1.2,4.2,0.292,2.3,4.6,0.493,0.467,1.8,2.1,0.862,0.3,2.2,2.6,1.8,0.4,0.2,1.2,1.1,10.0,0.307341235403604,0,0,0,0,0,0,0,0,1,0
484,27,73,73,33.7,7.1,16.0,0.444,3.0,8.1,0.374,4.1,7.9,0.516,0.539,2.1,2.4,0.852,0.8,3.5,4.3,4.5,1.3,0.3,1.3,1.6,19.3,0.4920402867560375,0,0,0,0,0,0,0,0,1,0
485,31,34,8,28.5,4.4,12.1,0.363,1.7,5.1,0.339,2.6,7.0,0.38,0.434,2.6,3.0,0.854,0.4,3.7,4.1,6.6,1.4,0.2,2.6,2.2,13.1,0.3997564883063109,0,0,0,0,1,0,0,0,0,0
486,25,65,65,32.0,6.2,15.0,0.411,2.7,8.0,0.34,3.5,7.0,0.492,0.502,3.0,3.7,0.825,0.4,2.9,3.3,7.1,1.0,0.3,2.5,2.0,18.1,0.676627590583745,0,0,0,0,1,0,0,0,0,0
488,25,62,61,34.5,7.1,12.5,0.573,0.6,2.0,0.312,6.5,10.5,0.623,0.598,4.0,5.4,0.741,3.2,8.9,12.1,5.2,1.0,0.4,3.1,3.3,18.9,0.08328555006844847,0,1,0,0,0,0,0,0,0,0
488,25,47,46,34.7,7.0,12.1,0.58,0.7,2.3,0.324,6.3,9.9,0.639,0.61,4.1,5.5,0.74,3.3,8.8,12.1,5.0,1.0,0.5,3.0,3.1,18.9,0.08328555006844847,1,0,0,0,0,0,0,0,0,0
488,25,15,15,33.6,7.5,13.5,0.554,0.3,1.1,0.235,7.2,12.3,0.584,0.564,3.7,4.9,0.743,3.1,9.3,12.3,5.8,0.9,0.3,3.5,3.8,18.9,0.08328555006844847,0,0,1,0,0,0,0,0,0,0
492,24,38,1,12.3,1.4,3.4,0.419,0.7,2.1,0.329,0.7,1.3,0.56,0.519,0.3,0.4,0.8,0.4,1.9,2.3,0.7,0.1,0.1,0.6,1.5,3.8,0.020104638543839336,0,0,0,0,0,0,1,0,0,0
498,23,11,11,28.7,6.2,13.7,0.45,1.0,4.1,0.244,5.2,9.6,0.538,0.487,2.6,3.5,0.744,1.2,2.1,3.3,2.1,0.9,0.0,2.8,2.3,16.0,0.11414240356237321,0,0,0,0,0,0,0,0,1,0
499,24,69,14,20.8,2.8,7.0,0.394,1.8,4.8,0.368,1.0,2.2,0.45,0.521,1.0,1.2,0.84,0.2,1.6,1.8,1.6,0.4,0.1,0.6,1.3,8.3,0.04495984569749925,0,0,0,0,0,0,0,0,1,0
501,27,68,68,37.9,8.8,17.8,0.494,1.1,3.2,0.344,7.7,14.5,0.527,0.525,4.2,5.6,0.749,1.9,6.6,8.5,5.3,1.3,0.6,2.7,3.3,22.8,0.0538696252069446,0,0,1,0,0,0,0,0,0,0
504,22,57,30,29.5,6.2,14.0,0.443,3.1,7.8,0.405,3.1,6.2,0.49,0.555,1.8,2.0,0.888,0.5,2.2,2.6,3.9,0.5,0.1,2.0,1.9,17.3,0.04881730830784899,0,0,0,0,0,0,0,0,1,0
509,27,71,71,32.3,4.2,10.1,0.418,1.7,5.1,0.331,2.5,5.0,0.506,0.501,2.0,2.5,0.793,0.6,3.2,3.8,5.9,1.7,0.3,2.2,2.3,12.1,0.30867928338015826,0,0,0,0,1,0,0,0,0,0
514,30,53,12,15.5,1.3,3.2,0.404,0.8,2.4,0.352,0.5,0.8,0.558,0.535,0.1,0.1,1.0,0.3,1.6,1.9,0.5,0.3,0.2,0.4,1.3,3.5,0.27968801909429003,0,0,0,0,0,0,0,0,1,0
514,30,38,10,14.4,0.9,2.6,0.371,0.6,2.0,0.32,0.3,0.6,0.545,0.495,0.1,0.1,1.0,0.3,1.6,1.9,0.5,0.2,0.2,0.3,1.2,2.6,0.27968801909429003,0,0,0,0,0,0,0,0,1,0
514,30,15,2,18.5,2.2,4.9,0.446,1.4,3.5,0.396,0.8,1.4,0.571,0.588,0.1,0.1,1.0,0.3,1.7,2.1,0.5,0.5,0.1,0.5,1.7,5.9,0.27968801909429003,0,0,0,0,0,0,0,0,1,0
526,23,76,76,35.9,9.3,20.6,0.453,3.0,8.6,0.353,6.3,12.0,0.524,0.526,5.3,6.2,0.853,1.1,6.9,8.0,4.4,1.0,0.6,2.9,2.3,26.9,0.19069819998316043,0,0,0,0,0,0,1,0,0,0
528,35,59,16,18.6,1.9,5.0,0.376,1.0,3.1,0.319,0.9,1.9,0.473,0.476,0.5,0.7,0.683,0.5,1.9,2.4,1.3,0.7,0.4,0.7,1.4,5.2,0.11419335683694659,0,0,0,0,0,0,0,0,1,0
532,29,47,27,20.8,3.2,6.2,0.519,0.7,2.3,0.308,2.5,3.9,0.641,0.576,1.0,1.5,0.681,1.3,3.6,4.9,0.9,0.4,0.7,1.0,2.4,8.2,0.12001302006027921,1,0,0,0,0,0,0,0,0,0
532,29,26,21,22.5,3.2,6.9,0.469,0.9,3.0,0.291,2.3,3.8,0.61,0.534,1.0,1.5,0.675,1.2,3.8,5.0,0.8,0.4,0.7,1.2,2.4,8.4,0.12001302006027921,1,0,0,0,0,0,0,0,0,0
532,29,21,6,18.7,3.2,5.3,0.598,0.5,1.3,0.357,2.7,4.0,0.679,0.643,1.0,1.5,0.688,1.3,3.4,4.7,1.0,0.4,0.7,0.7,2.3,7.9,0.12001302006027921,1,0,0,0,0,0,0,0,0,0
535,32,22,1,15.1,3.0,7.6,0.401,1.3,3.8,0.337,1.8,3.8,0.464,0.485,1.0,1.2,0.846,0.2,1.1,1.3,1.5,0.3,0.2,0.7,1.5,8.4,0.053075503436461176,0,0,0,0,1,0,0,0,0,0
535,32,4,1,25.3,3.0,9.8,0.308,1.3,5.5,0.227,1.8,4.3,0.412,0.372,2.0,2.8,0.727,0.3,1.8,2.0,1.5,0.0,0.5,1.3,3.0,9.3,0.053075503436461176,0,0,0,0,1,0,0,0,0,0
535,32,1,0,13.0,3.0,8.0,0.375,0.0,3.0,0.0,3.0,5.0,0.6,0.375,0.0,0.0,0.0,0.0,0.0,0.0,4.0,0.0,0.0,0.0,0.0,6.0,0.053075503436461176,0,0,0,0,1,0,0,0,0,0
535,32,17,0,12.9,3.1,7.1,0.433,1.4,3.4,0.397,1.7,3.6,0.468,0.529,0.8,0.9,0.933,0.2,1.1,1.2,1.4,0.4,0.2,0.6,1.3,8.3,0.053075503436461176,0,0,0,0,1,0,0,0,0,0
536,27,40,0,11.5,1.4,3.4,0.41,0.9,2.3,0.385,0.5,1.1,0.465,0.541,0.4,0.5,0.8,0.1,1.2,1.3,0.5,0.2,0.1,0.2,0.5,4.0,0.017564717714737645,0,0,0,0,0,0,0,0,1,0
537,31,32,32,29.4,7.7,17.9,0.429,3.6,9.3,0.385,4.1,8.7,0.477,0.529,1.4,1.6,0.902,0.5,3.4,3.9,2.8,0.5,0.5,1.3,1.7,20.4,0.812927600067548,0,0,0,0,0,0,0,0,1,0
538,30,57,6,15.7,2.5,4.7,0.528,0.0,0.1,0.333,2.5,4.6,0.53,0.53,1.1,2.0,0.526,2.1,2.9,5.1,0.6,0.4,0.4,0.8,1.7,6.0,0.45818116142044835,0,0,1,0,0,0,0,0,0,0
538,30,30,3,15.2,2.5,5.0,0.503,0.0,0.0,1.0,2.5,5.0,0.5,0.507,1.1,2.0,0.533,2.4,3.0,5.4,0.6,0.4,0.4,1.0,1.7,6.2,0.45818116142044835,0,0,1,0,0,0,0,0,0,0
538,30,4,0,16.5,3.3,6.0,0.542,0.0,0.0,0.0,3.3,6.0,0.542,0.542,0.8,2.0,0.375,1.8,2.8,4.5,0.5,0.0,0.5,1.0,1.8,7.3,0.45818116142044835,0,0,1,0,0,0,0,0,0,0
538,30,23,3,16.3,2.3,4.0,0.565,0.0,0.1,0.0,2.3,3.9,0.578,0.565,1.1,2.1,0.542,1.8,3.0,4.7,0.6,0.5,0.3,0.5,1.7,5.7,0.45818116142044835,0,0,1,0,0,0,0,0,0,0
540,24,66,50,25.5,2.3,4.5,0.5,0.7,2.2,0.313,1.6,2.4,0.673,0.575,0.5,0.7,0.791,0.6,1.7,2.3,1.1,1.7,1.1,0.6,2.4,5.7,0.05962239976885197,0,0,0,0,0,0,0,0,1,0
546,26,74,74,33.5,8.7,16.4,0.529,2.0,4.9,0.41,6.6,11.5,0.58,0.591,5.2,6.3,0.822,2.6,7.2,9.8,3.6,1.0,1.1,3.1,3.6,24.6,0.676627590583745,1,0,0,0,0,0,0,0,0,0
550,25,42,42,29.4,4.8,9.4,0.509,1.5,4.4,0.333,3.3,5.0,0.662,0.587,1.9,2.5,0.752,1.5,5.5,7.1,1.0,0.7,2.8,1.3,2.8,12.9,0.4447152599887088,1,0,0,0,0,0,0,0,0,0
551,29,74,74,30.3,6.9,12.7,0.544,0.8,2.1,0.361,6.1,10.5,0.581,0.574,3.2,3.9,0.82,3.1,8.3,11.4,2.6,0.6,0.8,2.4,3.3,17.8,0.39476106923048887,1,0,0,0,0,0,0,0,0,0
552,28,24,0,9.3,1.0,2.8,0.379,0.8,2.0,0.404,0.3,0.8,0.316,0.523,0.0,0.0,0.0,0.4,1.4,1.8,0.5,0.3,0.0,0.5,0.8,2.9,0.07948938125015906,0,0,0,0,0,0,0,0,1,0
552,28,22,0,9.3,1.0,2.8,0.371,0.8,2.0,0.409,0.2,0.8,0.278,0.516,0.0,0.0,0.0,0.4,1.3,1.7,0.5,0.3,0.0,0.5,0.8,2.9,0.07948938125015906,0,0,0,0,0,0,0,0,1,0
552,28,2,0,9.0,1.0,2.0,0.5,0.5,1.5,0.333,0.5,0.5,1.0,0.625,0.0,0.0,0.0,0.0,2.0,2.0,0.0,0.5,0.0,1.0,1.5,2.5,0.07948938125015906,0,0,0,0,0,0,0,0,1,0
553,22,74,67,25.4,2.9,4.9,0.587,0.0,0.2,0.143,2.8,4.7,0.605,0.59,1.2,1.8,0.656,2.9,5.5,8.4,1.3,1.3,0.6,1.0,2.4,6.9,0.030516390706812085,0,0,1,0,0,0,0,0,0,0
554,27,65,65,37.9,6.8,16.9,0.403,3.7,9.9,0.377,3.1,7.0,0.44,0.513,3.0,3.4,0.874,0.7,3.8,4.4,6.7,1.7,0.5,2.6,2.5,20.3,0.22856729807348417,0,0,0,0,1,0,0,0,0,0
557,31,73,73,33.1,7.5,15.8,0.473,1.4,4.5,0.314,6.1,11.3,0.537,0.518,1.3,1.7,0.76,1.9,9.1,11.0,3.2,1.0,1.0,1.9,2.5,17.6,0.6944862137798086,1,0,0,0,0,0,0,0,0,0
560,24,63,3,15.2,3.1,6.3,0.497,1.0,3.2,0.328,2.1,3.1,0.672,0.581,1.7,2.0,0.806,0.7,3.0,3.7,1.4,0.3,0.2,0.9,2.0,9.0,0.04666827902143037,1,0,0,0,0,0,0,0,0,0
562,31,37,37,25.6,4.0,10.0,0.403,2.0,5.4,0.367,2.1,4.6,0.444,0.501,1.6,1.9,0.845,0.4,2.6,3.0,3.5,0.7,0.2,1.3,1.0,11.6,0.812927600067548,0,0,0,0,1,0,0,0,0,0
565,27,6,0,12.5,1.2,3.3,0.35,0.3,1.3,0.25,0.8,2.0,0.417,0.4,0.2,0.8,0.2,0.0,1.3,1.3,0.2,0.5,0.2,0.3,1.2,2.8,0.007678308798873713,0,0,0,0,0,0,0,0,1,0
567,32,23,2,13.9,1.2,3.3,0.364,0.2,0.7,0.235,1.0,2.6,0.4,0.39,1.0,1.1,0.92,0.3,1.4,1.7,2.4,0.3,0.3,1.0,2.0,3.6,0.031236855023022515,0,0,0,0,1,0,0,0,0,0
567,32,22,1,13.3,1.2,3.3,0.361,0.2,0.8,0.235,1.0,2.5,0.4,0.389,0.9,1.0,0.909,0.3,1.3,1.6,2.2,0.2,0.3,1.0,1.9,3.5,0.031236855023022515,0,0,0,0,1,0,0,0,0,0
567,32,1,1,27.0,2.0,5.0,0.4,0.0,0.0,0.0,2.0,5.0,0.4,0.4,3.0,3.0,1.0,0.0,4.0,4.0,7.0,2.0,0.0,0.0,3.0,7.0,0.031236855023022515,0,0,0,0,1,0,0,0,0,0
576,33,78,78,34.3,7.0,15.8,0.444,1.0,3.4,0.298,6.0,12.4,0.485,0.476,3.4,5.1,0.667,1.4,6.0,7.4,7.1,1.0,0.3,3.8,3.0,18.5,0.9569076167927106,0,0,0,0,1,0,0,0,0,0
577,21,61,17,27.5,4.6,10.6,0.433,2.2,5.8,0.385,2.3,4.8,0.491,0.539,1.3,1.5,0.857,0.3,2.7,3.0,2.9,0.5,0.2,1.1,2.2,12.7,0.12768398559311148,0,0,0,0,1,0,0,0,0,0
578,27,75,52,29.3,4.5,10.7,0.421,1.5,4.9,0.312,3.0,5.7,0.515,0.493,2.7,3.1,0.864,0.5,3.0,3.5,4.9,0.9,0.8,1.6,2.3,13.2,0.04378492313086592,0,0,0,0,0,0,0,0,1,0
578,27,49,48,30.3,5.0,11.6,0.426,1.7,5.3,0.314,3.3,6.4,0.519,0.497,2.8,3.3,0.869,0.5,3.0,3.5,5.6,1.0,0.9,1.8,2.4,14.4,0.04378492313086592,0,0,0,0,0,0,0,0,1,0
578,27,26,4,27.4,3.6,8.8,0.409,1.3,4.3,0.306,2.3,4.6,0.504,0.483,2.5,2.9,0.853,0.5,2.9,3.4,3.5,0.6,0.6,1.2,2.2,11.0,0.04378492313086592,0,0,0,0,0,0,0,0,1,0
579,32,65,8,17.9,3.3,5.1,0.652,0.0,0.0,0.0,3.3,5.1,0.652,0.652,1.6,2.6,0.623,2.6,5.0,7.6,0.4,0.3,1.6,0.8,2.8,8.2,0.6718324378586726,1,0,0,0,0,0,0,0,0,0
582,26,73,73,31.9,6.5,14.0,0.466,2.2,5.5,0.393,4.4,8.5,0.513,0.543,2.0,3.2,0.634,1.2,3.3,4.5,2.2,1.0,0.7,1.5,2.2,17.2,0.6821133100418588,0,0,0,0,0,0,1,0,0,0
585,23,77,21,24.4,2.7,5.6,0.475,1.4,3.4,0.411,1.3,2.3,0.569,0.597,1.1,1.2,0.905,0.8,2.7,3.6,1.0,0.5,0.7,0.8,2.4,7.8,0.054569033831750435,0,0,1,0,0,0,0,0,0,0
586,27,49,0,21.9,3.0,6.5,0.461,0.8,2.5,0.339,2.1,4.0,0.536,0.525,0.6,1.1,0.545,1.5,3.0,4.5,2.2,0.9,0.2,0.9,1.7,7.4,0.030516390706812085,0,0,0,0,0,0,1,0,0,0
589,24,61,61,29.6,4.4,6.0,0.736,0.0,0.0,0.0,4.4,6.0,0.738,0.736,1.1,1.5,0.722,3.9,5.7,9.6,2.0,0.9,2.2,1.0,2.2,10.0,0.043521165003662515,1,0,0,0,0,0,0,0,0,0
593,25,48,11,16.1,2.3,5.4,0.428,0.3,1.4,0.227,2.0,4.0,0.497,0.457,0.8,1.4,0.591,1.0,3.2,4.2,1.8,0.7,0.5,1.0,1.4,5.7,0.31982978309315896,0,0,0,0,0,0,1,0,0,0
593,25,37,1,12.9,1.7,3.8,0.447,0.1,0.8,0.172,1.6,3.0,0.518,0.465,0.7,1.1,0.61,0.8,2.8,3.6,1.4,0.6,0.5,1.0,1.2,4.2,0.31982978309315896,0,0,0,0,0,0,1,0,0,0
593,25,11,10,26.8,4.3,10.5,0.405,0.9,3.4,0.27,3.4,7.2,0.468,0.448,1.3,2.3,0.56,1.8,4.5,6.3,2.9,1.3,0.6,1.1,1.9,10.7,0.31982978309315896,0,0,0,0,0,0,1,0,0,0
595,26,68,67,30.8,6.5,12.9,0.501,1.9,4.9,0.39,4.5,8.0,0.57,0.576,3.0,4.9,0.623,1.6,8.5,10.1,2.3,0.8,1.0,1.9,2.5,17.9,0.03622378188641561,1,0,0,0,0,0,0,0,0,0
597,29,77,8,18.9,1.6,3.5,0.454,0.6,1.5,0.379,1.0,2.0,0.51,0.535,0.7,0.8,0.857,0.6,2.2,2.9,2.4,1.2,0.2,0.6,0.7,4.4,0.23175265202427744,0,0,0,0,0,0,0,0,1,0
601,33,52,1,16.3,2.7,5.2,0.518,0.3,0.9,0.354,2.4,4.3,0.554,0.55,0.4,0.9,0.469,1.5,2.5,4.0,2.0,1.0,0.3,1.0,1.6,6.2,0.31733207355524795,0,0,1,0,0,0,0,0,0,0
601,33,26,1,14.2,2.8,4.9,0.578,0.0,0.2,0.0,2.8,4.7,0.602,0.578,0.4,0.8,0.455,1.5,2.0,3.6,2.3,0.9,0.3,1.2,1.5,6.1,0.31733207355524795,0,0,1,0,0,0,0,0,0,0
601,33,26,0,18.3,2.6,5.5,0.465,0.7,1.7,0.395,1.9,3.9,0.495,0.524,0.5,1.0,0.481,1.5,2.9,4.4,1.7,1.2,0.4,0.8,1.7,6.3,0.31733207355524795,0,0,1,0,0,0,0,0,0,0
602,23,76,76,34.9,9.4,20.3,0.46,3.1,8.0,0.382,6.3,12.3,0.512,0.536,6.6,7.3,0.904,0.7,3.1,3.7,9.7,0.9,0.1,4.0,1.7,28.4,0.15180886247788622,0,0,0,0,1,0,0,0,0,0
604,29,27,0,13.1,1.9,3.3,0.567,0.0,0.1,0.0,1.9,3.2,0.593,0.567,1.4,1.8,0.776,1.9,2.8,4.6,0.8,0.3,0.2,0.7,2.1,5.2,0.3565938195526247,1,0,0,0,0,0,0,0,0,0
605,24,76,76,24.4,4.1,6.5,0.626,0.0,0.0,0.0,4.1,6.5,0.626,0.626,2.2,3.0,0.727,2.9,5.6,8.5,1.6,0.5,1.0,1.5,2.7,10.3,0.15701613727671382,1,0,0,0,0,0,0,0,0,0
