Rk,Age,G,GS,MP,FG,FGA,FG%,3P,3PA,3P%,2P,2PA,2P%,eFG%,FT,FTA,FT%,ORB,DRB,TRB,AST,STL,BLK,TOV,PF,PTS,Pos_C,Pos_C-PF,Pos_PF,Pos_PF-SF,Pos_PG,Pos_PG-SG,Pos_SF,Pos_SF-SG,Pos_SG,Pos_SG-SF
262,32,19,2,17.8,2.8,5.5,0.519,0.7,1.9,0.351,2.2,3.5,0.612,0.582,0.6,0.8,0.8,1.2,4.1,5.3,0.7,0.2,0.4,0.5,2.4,7.0,0,0,1,0,0,0,0,0,0,0
475,29,67,18,22.1,2.2,5.2,0.417,1.2,3.4,0.342,1.0,1.8,0.563,0.53,0.5,0.7,0.727,0.3,1.4,1.7,1.3,0.8,0.1,0.8,1.8,6.0,0,0,0,0,0,0,0,0,1,0
343,26,75,23,20.5,3.5,7.5,0.466,0.9,2.8,0.321,2.6,4.7,0.552,0.526,2.6,3.2,0.802,1.2,3.9,5.1,1.2,0.4,0.4,1.0,1.6,10.5,0,0,1,0,0,0,0,0,0,0
98,28,2,0,3.0,0.0,0.0,0.0,0.0,0.0,0.0,0.0,0.0,0.0,0.0,0.0,0.0,0.0,0.0,1.0,1.0,0.5,0.0,0.0,0.0,1.0,0.0,1,0,0,0,0,0,0,0,0,0
87,32,57,57,33.9,7.0,14.5,0.48,0.5,2.0,0.233,6.5,12.5,0.52,0.496,6.9,8.0,0.87,1.8,4.1,5.9,5.5,1.6,0.5,2.1,1.5,21.4,0,0,0,0,0,0,1,0,0,0
183,30,4,0,14.5,1.3,3.3,0.385,0.5,2.0,0.25,0.8,1.3,0.6,0.462,0.0,0.0,0.0,0.3,1.8,2.0,1.3,0.0,0.0,1.3,1.3,3.0,0,0,0,0,0,0,0,0,1,0
439,27,58,12,22.0,4.1,10.1,0.409,1.2,3.6,0.336,2.9,6.5,0.449,0.469,1.3,1.5,0.843,0.4,2.6,3.0,4.9,0.7,0.3,1.8,2.1,10.8,0,0,0,0,1,0,0,0,0,0
315,26,2,0,7.5,0.5,2.5,0.2,0.0,0.5,0.0,0.5,2.0,0.25,0.2,1.0,1.5,0.667,1.0,0.5,1.5,0.5,0.0,0.5,0.0,0.5,2.0,1,0,0,0,0,0,0,0,0,0
206,31,67,8,16.2,2.4,4.9,0.486,0.5,1.9,0.266,1.9,3.0,0.621,0.537,1.2,1.4,0.871,1.2,3.0,4.2,0.9,0.6,0.4,0.9,2.4,6.4,0,0,1,0,0,0,0,0,0,0
315,26,15,0,6.9,0.9,1.8,0.481,0.0,0.3,0.0,0.9,1.5,0.591,0.481,0.3,0.4,0.667,0.9,1.1,1.9,0.6,0.2,0.2,0.0,0.6,2.0,1,0,0,0,0,0,0,0,0,0
560,24,63,3,15.2,3.1,6.3,0.497,1.0,3.2,0.328,2.1,3.1,0.672,0.581,1.7,2.0,0.806,0.7,3.0,3.7,1.4,0.3,0.2,0.9,2.0,9.0,1,0,0,0,0,0,0,0,0,0
362,30,36,36,35.2,8.1,18.5,0.436,3.1,8.0,0.384,5.0,10.4,0.476,0.52,1.3,1.9,0.706,0.9,3.3,4.3,4.5,1.0,0.6,1.9,2.1,20.5,0,0,0,0,0,0,0,0,1,0
279,25,23,0,7.3,0.7,1.7,0.436,0.0,0.2,0.0,0.7,1.5,0.486,0.436,0.3,0.5,0.583,1.2,1.4,2.7,0.4,0.2,0.0,0.5,0.8,1.8,0,0,1,0,0,0,0,0,0,0
577,21,61,17,27.5,4.6,10.6,0.433,2.2,5.8,0.385,2.3,4.8,0.491,0.539,1.3,1.5,0.857,0.3,2.7,3.0,2.9,0.5,0.2,1.1,2.2,12.7,0,0,0,0,1,0,0,0,0,0
174,29,80,80,29.5,5.0,12.1,0.417,3.0,7.7,0.389,2.0,4.3,0.465,0.541,1.0,1.4,0.708,0.4,2.2,2.6,2.1,1.0,0.3,1.3,2.3,14.1,0,0,0,0,0,0,0,0,1,0
554,27,65,65,37.9,6.8,16.9,0.403,3.7,9.9,0.377,3.1,7.0,0.44,0.513,3.0,3.4,0.874,0.7,3.8,4.4,6.7,1.7,0.5,2.6,2.5,20.3,0,0,0,0,1,0,0,0,0,0
89,28,77,77,30.2,4.7,10.8,0.435,2.1,5.3,0.39,2.6,5.5,0.48,0.531,1.8,2.0,0.89,0.5,2.9,3.4,1.9,1.1,0.3,1.3,1.8,13.2,0,0,0,0,0,0,0,0,1,0
11,28,69,11,21.5,3.0,6.8,0.446,0.5,1.6,0.33,2.5,5.2,0.481,0.484,1.0,1.5,0.638,1.0,4.3,5.3,2.7,1.1,0.7,1.0,1.6,7.6,0,0,1,0,0,0,0,0,0,0
601,33,26,0,18.3,2.6,5.5,0.465,0.7,1.7,0.395,1.9,3.9,0.495,0.524,0.5,1.0,0.481,1.5,2.9,4.4,1.7,1.2,0.4,0.8,1.7,6.3,0,0,1,0,0,0,0,0,0,0
538,30,4,0,16.5,3.3,6.0,0.542,0.0,0.0,0.0,3.3,6.0,0.542,0.542,0.8,2.0,0.375,1.8,2.8,4.5,0.5,0.0,0.5,1.0,1.8,7.3,0,0,1,0,0,0,0,0,0,0
150,28,73,36,19.7,3.4,5.9,0.57,0.0,0.0,0.0,3.4,5.9,0.574,0.57,1.2,2.2,0.524,3.1,6.2,9.3,1.8,1.1,0.9,1.6,2.6,7.9,1,0,0,0,0,0,0,0,0,0
289,29,3,0,12.7,1.3,3.3,0.4,1.0,2.3,0.429,0.3,1.0,0.333,0.55,0.0,0.0,0.0,0.3,1.7,2.0,0.7,0.3,0.3,0.3,1.3,3.7,0,0,0,0,1,0,0,0,0,0
538,30,57,6,15.7,2.5,4.7,0.528,0.0,0.1,0.333,2.5,4.6,0.53,0.53,1.1,2.0,0.526,2.1,2.9,5.1,0.6,0.4,0.4,0.8,1.7,6.0,0,0,1,0,0,0,0,0,0,0
335,25,82,80,21.1,2.5,4.4,0.571,0.0,0.0,0.0,2.5,4.4,0.573,0.571,0.9,1.5,0.6,2.5,4.7,7.3,2.0,0.6,0.6,0.8,2.6,6.0,1,0,0,0,0,0,0,0,0,0
339,33,74,4,22.5,4.4,10.3,0.43,2.5,6.4,0.392,1.9,3.8,0.493,0.553,2.2,2.7,0.838,1.2,6.1,7.2,2.2,0.4,0.2,1.3,1.4,13.6,0,0,1,0,0,0,0,0,0,0
98,28,18,2,9.8,0.9,1.9,0.457,0.1,0.1,0.5,0.8,1.8,0.455,0.471,0.1,0.1,0.5,0.7,1.4,2.1,0.5,0.3,0.2,0.4,0.9,1.9,1,0,0,0,0,0,0,0,0,0
488,25,47,46,34.7,7.0,12.1,0.58,0.7,2.3,0.324,6.3,9.9,0.639,0.61,4.1,5.5,0.74,3.3,8.8,12.1,5.0,1.0,0.5,3.0,3.1,18.9,1,0,0,0,0,0,0,0,0,0
321,29,17,0,18.9,2.8,7.0,0.403,0.9,3.1,0.302,1.9,3.9,0.485,0.471,1.3,1.5,0.846,0.6,2.9,3.5,1.8,0.5,0.5,0.8,0.9,7.9,0,0,0,0,0,0,0,0,1,0
400,25,68,68,34.8,8.4,18.3,0.462,1.4,4.3,0.327,7.0,13.9,0.504,0.5,2.9,3.6,0.794,1.2,7.1,8.3,9.2,2.0,0.3,2.6,2.0,21.1,0,0,0,0,1,0,0,0,0,0
498,23,11,11,28.7,6.2,13.7,0.45,1.0,4.1,0.244,5.2,9.6,0.538,0.487,2.6,3.5,0.744,1.2,2.1,3.3,2.1,0.9,0.0,2.8,2.3,16.0,0,0,0,0,0,0,0,0,1,0
121,31,67,67,28.1,3.2,8.1,0.399,1.9,5.4,0.348,1.3,2.7,0.503,0.516,1.1,1.3,0.789,0.4,4.8,5.3,1.9,1.4,0.4,0.8,2.6,9.4,0,0,1,0,0,0,0,0,0,0
150,28,49,12,18.4,2.6,4.9,0.538,0.0,0.0,0.0,2.6,4.8,0.542,0.538,0.9,1.7,0.512,2.8,6.1,8.8,2.0,1.1,0.9,1.6,2.5,6.1,1,0,0,0,0,0,0,0,0,0
528,35,59,16,18.6,1.9,5.0,0.376,1.0,3.1,0.319,0.9,1.9,0.473,0.476,0.5,0.7,0.683,0.5,1.9,2.4,1.3,0.7,0.4,0.7,1.4,5.2,0,0,0,0,0,0,0,0,1,0
499,24,69,14,20.8,2.8,7.0,0.394,1.8,4.8,0.368,1.0,2.2,0.45,0.521,1.0,1.2,0.84,0.2,1.6,1.8,1.6,0.4,0.1,0.6,1.3,8.3,0,0,0,0,0,0,0,0,1,0
349,24,61,61,30.8,5.1,11.5,0.445,2.2,6.2,0.358,2.9,5.3,0.548,0.542,2.3,2.6,0.868,1.0,4.7,5.7,1.3,0.7,0.5,0.9,2.1,14.8,0,0,1,0,0,0,0,0,0,0
139,28,23,7,28.3,5.3,10.6,0.498,1.8,4.5,0.404,3.4,6.0,0.568,0.584,3.4,4.7,0.725,0.4,2.7,3.1,3.9,0.7,0.3,1.3,1.9,15.8,0,0,0,0,1,0,0,0,0,0
203,34,62,28,21.8,2.0,5.2,0.394,1.7,4.4,0.38,0.4,0.8,0.469,0.555,0.2,0.2,0.786,0.5,2.0,2.5,1.0,1.0,0.6,0.7,1.7,5.9,0,0,0,0,0,0,1,0,0,0
131,32,67,15,15.9,2.4,4.3,0.566,0.3,0.7,0.404,2.2,3.6,0.597,0.598,1.1,1.5,0.75,1.6,4.2,5.8,0.7,0.4,0.6,1.0,2.6,6.3,1,0,0,0,0,0,0,0,0,0
532,29,47,27,20.8,3.2,6.2,0.519,0.7,2.3,0.308,2.5,3.9,0.641,0.576,1.0,1.5,0.681,1.3,3.6,4.9,0.9,0.4,0.7,1.0,2.4,8.2,1,0,0,0,0,0,0,0,0,0
38,33,59,54,24.8,3.0,6.6,0.463,1.8,4.6,0.4,1.2,2.0,0.607,0.602,0.4,0.6,0.658,0.5,3.8,4.3,1.7,1.0,0.7,0.7,1.4,8.3,0,0,1,0,0,0,0,0,0,0
247,28,45,37,23.9,4.4,6.7,0.66,0.0,0.1,0.4,4.4,6.6,0.664,0.663,1.6,2.0,0.778,2.1,5.0,7.0,1.1,0.4,0.9,1.2,2.8,10.4,1,0,0,0,0,0,0,0,0,0
300,33,48,20,13.0,1.9,3.0,0.643,0.0,0.0,0.0,1.9,3.0,0.643,0.643,0.5,0.8,0.55,1.7,3.8,5.5,0.4,0.3,0.7,0.8,1.5,4.3,1,0,0,0,0,0,0,0,0,0
427,30,40,1,19.1,3.2,7.2,0.448,1.0,3.0,0.336,2.2,4.2,0.527,0.517,1.7,2.2,0.775,1.4,3.1,4.4,2.8,0.8,0.5,1.5,2.5,9.1,1,0,0,0,0,0,0,0,0,0
76,25,66,66,33.6,8.7,18.4,0.473,2.5,7.0,0.358,6.2,11.4,0.544,0.541,3.7,4.8,0.758,0.8,5.3,6.1,3.5,1.1,0.3,2.7,2.5,23.6,0,0,0,0,0,0,1,0,0,0
323,22,4,0,10.8,1.0,1.8,0.571,0.0,0.5,0.0,1.0,1.3,0.8,0.571,0.8,2.0,0.375,0.0,1.0,1.0,0.5,0.3,0.0,0.0,0.3,2.8,0,0,0,0,0,0,0,0,1,0
279,25,16,0,7.6,0.8,1.4,0.522,0.0,0.1,0.0,0.8,1.3,0.571,0.522,0.3,0.4,0.571,1.0,1.3,2.3,0.5,0.2,0.0,0.5,0.9,1.8,0,0,1,0,0,0,0,0,0,0
137,23,58,29,21.9,4.5,9.1,0.496,0.4,1.6,0.247,4.1,7.5,0.55,0.518,1.6,2.4,0.65,1.2,3.6,4.8,1.3,1.2,0.3,1.0,2.5,11.0,0,0,0,0,0,0,0,0,1,0
362,30,26,26,33.8,9.5,19.2,0.493,2.7,6.9,0.394,6.7,12.3,0.549,0.564,2.6,3.9,0.667,0.7,3.7,4.5,5.8,1.3,0.0,2.2,1.7,24.3,0,0,0,0,0,0,0,0,1,0
537,31,32,32,29.4,7.7,17.9,0.429,3.6,9.3,0.385,4.1,8.7,0.477,0.529,1.4,1.6,0.902,0.5,3.4,3.9,2.8,0.5,0.5,1.3,1.7,20.4,0,0,0,0,0,0,0,0,1,0
450,22,76,51,30.0,6.2,13.9,0.448,2.8,7.6,0.364,3.5,6.3,0.55,0.548,3.2,3.5,0.925,0.4,3.0,3.4,4.0,0.8,0.3,2.5,2.7,18.5,0,0,0,0,0,0,0,0,1,0
329,27,19,10,29.8,5.3,12.2,0.435,1.1,3.5,0.313,4.2,8.7,0.485,0.481,1.8,2.5,0.745,0.7,2.7,3.4,3.9,0.8,0.3,1.7,2.1,13.6,0,0,0,0,0,0,0,0,1,0
303,28,9,0,20.1,4.0,7.3,0.545,0.6,1.7,0.333,3.4,5.7,0.608,0.583,2.0,2.2,0.9,1.2,3.3,4.6,1.4,0.9,0.8,0.6,1.6,10.6,1,0,0,0,0,0,0,0,0,0
106,25,64,1,19.5,4.5,7.0,0.644,0.1,0.3,0.227,4.4,6.6,0.666,0.65,1.3,2.0,0.654,2.1,3.2,5.3,1.3,0.6,1.1,0.5,1.9,10.4,0,0,1,0,0,0,0,0,0,0
546,26,74,74,33.5,8.7,16.4,0.529,2.0,4.9,0.41,6.6,11.5,0.58,0.591,5.2,6.3,0.822,2.6,7.2,9.8,3.6,1.0,1.1,3.1,3.6,24.6,1,0,0,0,0,0,0,0,0,0
241,30,13,1,10.7,0.2,1.5,0.15,0.2,1.0,0.154,0.1,0.5,0.143,0.2,0.0,0.0,0.0,0.5,1.3,1.8,0.9,0.3,0.2,0.1,1.2,0.6,0,0,1,0,0,0,0,0,0,0
144,27,2,0,10.5,1.0,2.0,0.5,0.0,0.5,0.0,1.0,1.5,0.667,0.5,0.0,0.0,0.0,0.0,1.0,1.0,0.5,0.0,0.0,0.0,0.0,2.0,0,0,0,0,0,0,0,0,1,0
454,26,72,59,28.2,5.8,12.1,0.479,1.8,4.7,0.393,3.9,7.4,0.533,0.555,1.2,1.6,0.752,2.5,6.6,9.1,1.2,0.7,0.7,1.3,2.4,14.6,1,0,0,0,0,0,0,0,0,0
271,24,51,3,16.3,2.4,5.9,0.4,0.6,2.5,0.254,1.7,3.3,0.512,0.455,1.1,1.5,0.714,0.4,2.4,2.8,1.1,0.5,0.4,0.9,1.7,6.4,0,0,0,0,0,0,1,0,0,0
476,27,79,68,25.9,3.7,9.2,0.399,2.9,7.9,0.372,0.7,1.3,0.569,0.559,0.6,0.8,0.836,0.3,2.3,2.6,1.6,0.5,0.2,0.8,2.5,10.9,0,0,0,0,0,0,0,0,1,0
31,29,77,77,33.6,5.1,10.8,0.469,1.8,4.7,0.394,3.2,6.2,0.525,0.554,4.4,5.4,0.826,1.1,4.5,5.6,2.4,0.7,0.2,1.5,1.2,16.4,0,0,1,0,0,0,0,0,0,0
447,26,68,67,29.0,6.0,9.8,0.618,0.0,0.0,1.0,6.0,9.7,0.618,0.619,1.4,2.8,0.495,3.9,5.5,9.3,2.8,0.7,1.7,1.6,3.1,13.5,1,0,0,0,0,0,0,0,0,0
329,27,39,39,31.1,7.1,15.9,0.447,1.6,4.8,0.323,5.6,11.1,0.501,0.496,2.8,3.7,0.76,0.8,3.1,3.8,4.4,0.9,0.5,1.9,2.3,18.7,0,0,0,0,0,0,0,0,1,0
46,33,58,54,25.4,3.1,7.5,0.406,1.4,4.2,0.343,1.6,3.3,0.485,0.501,1.7,2.3,0.722,1.1,3.1,4.1,4.6,1.2,0.9,1.3,3.0,9.2,0,0,0,0,1,0,0,0,0,0
166,30,39,18,16.7,2.4,4.7,0.516,0.1,0.4,0.125,2.4,4.3,0.554,0.522,0.4,0.6,0.64,1.5,3.2,4.7,0.6,0.4,0.3,0.2,1.6,5.3,1,0,0,0,0,0,0,0,0,0
221,28,71,3,23.1,5.0,7.8,0.645,0.1,0.2,0.235,5.0,7.6,0.658,0.649,3.0,4.2,0.716,2.1,4.0,6.1,2.0,0.4,0.6,1.0,1.9,13.1,1,0,0,0,0,0,0,0,0,0
149,35,21,8,23.7,2.7,7.2,0.377,0.8,3.0,0.254,2.0,4.2,0.466,0.43,1.3,1.6,0.818,0.6,2.5,3.1,4.1,0.9,0.2,1.6,2.1,7.5,0,0,0,0,1,0,0,0,0,0
420,23,70,20,25.0,3.1,8.2,0.376,1.7,5.3,0.318,1.4,2.9,0.48,0.478,0.8,0.9,0.846,0.7,4.3,5.0,1.7,1.4,0.6,0.8,1.4,8.6,0,0,1,0,0,0,0,0,0,0
357,35,49,14,20.4,1.8,4.5,0.395,1.1,3.2,0.338,0.7,1.3,0.54,0.516,0.4,0.6,0.786,0.6,1.3,1.9,0.7,0.5,0.2,0.4,1.8,5.1,0,0,0,0,0,0,0,0,1,0
323,22,44,5,16.5,1.8,4.2,0.429,0.7,1.9,0.349,1.1,2.3,0.495,0.508,0.5,0.8,0.588,0.7,1.7,2.4,0.4,0.5,0.4,0.4,1.0,4.7,0,0,0,0,0,0,0,0,1,0
167,23,20,0,2.9,0.4,0.7,0.5,0.1,0.1,1.0,0.3,0.7,0.462,0.536,0.2,0.3,0.8,0.4,0.4,0.8,0.2,0.0,0.2,0.3,0.3,1.0,1,0,0,0,0,0,0,0,0,0
481,35,21,1,19.4,2.1,5.0,0.429,1.1,2.8,0.397,1.0,2.2,0.468,0.538,0.9,1.1,0.75,0.2,2.6,2.8,4.9,0.9,0.0,1.6,1.5,6.2,0,0,0,0,1,0,0,0,0,0
171,28,40,1,16.9,3.2,7.4,0.432,1.6,3.8,0.417,1.6,3.6,0.448,0.539,1.1,1.2,0.898,0.1,1.5,1.6,1.0,0.4,0.1,0.8,1.1,9.1,0,0,0,0,0,0,0,0,1,0
259,24,53,52,29.8,4.8,10.8,0.442,1.4,3.7,0.379,3.4,7.2,0.474,0.506,2.4,3.1,0.765,0.5,2.8,3.3,1.3,0.7,0.4,1.3,2.9,13.4,0,0,0,0,0,0,1,0,0,0
161,34,43,9,18.8,2.3,5.5,0.414,1.9,4.9,0.389,0.4,0.6,0.615,0.586,0.2,0.3,0.818,0.2,1.6,1.8,0.7,0.5,0.1,0.4,1.0,6.7,0,0,0,0,0,0,0,0,1,0
299,25,73,23,21.2,3.4,7.6,0.451,1.1,2.8,0.39,2.3,4.8,0.487,0.524,0.7,0.9,0.818,0.2,2.2,2.4,4.4,0.9,0.0,0.6,0.4,8.7,0,0,0,0,1,0,0,0,0,0
189,31,31,31,34.7,8.6,20.5,0.421,2.9,8.3,0.354,5.7,12.2,0.467,0.493,4.1,4.8,0.858,0.4,6.5,6.9,5.7,2.2,0.4,4.1,2.4,24.3,0,0,0,0,0,0,1,0,0,0
381,25,55,6,21.4,3.1,7.3,0.429,0.8,2.4,0.323,2.4,4.9,0.481,0.483,1.1,1.3,0.836,0.5,2.0,2.6,2.5,0.5,0.3,0.8,1.8,8.2,0,0,0,0,1,0,0,0,0,0
177,31,10,3,20.0,1.3,4.3,0.302,0.6,1.7,0.353,0.7,2.6,0.269,0.372,0.5,0.9,0.556,0.5,1.4,1.9,3.3,0.3,0.1,1.3,2.4,3.7,0,0,0,0,1,0,0,0,0,0
300,33,16,1,13.4,2.0,3.4,0.593,0.0,0.0,0.0,2.0,3.4,0.593,0.593,0.6,0.9,0.714,2.0,3.8,5.8,0.5,0.1,0.6,1.0,1.3,4.6,1,0,0,0,0,0,0,0,0,0
425,29,8,1,21.6,4.4,9.1,0.479,1.9,4.5,0.417,2.5,4.6,0.541,0.582,1.8,2.4,0.737,0.4,2.5,2.9,3.5,0.6,0.1,2.0,1.6,12.4,0,0,0,0,0,0,0,0,1,0
395,26,75,74,29.9,5.0,10.3,0.484,1.7,4.2,0.395,3.3,6.1,0.545,0.564,1.0,1.1,0.869,0.4,2.7,3.0,4.4,0.7,0.2,1.0,1.2,12.6,0,0,0,0,1,0,0,0,0,0
183,30,3,0,16.3,0.3,4.3,0.077,0.0,2.7,0.0,0.3,1.7,0.2,0.077,0.0,0.0,0.0,0.7,2.7,3.3,2.3,0.3,0.0,0.3,0.7,0.7,0,0,0,0,0,0,0,0,1,0
50,29,36,3,14.1,2.4,4.0,0.593,0.0,0.0,0.0,2.4,4.0,0.593,0.593,1.1,2.0,0.535,1.8,2.9,4.6,0.6,0.3,0.7,0.7,1.9,5.8,1,0,0,0,0,0,0,0,0,0
567,32,1,1,27.0,2.0,5.0,0.4,0.0,0.0,0.0,2.0,5.0,0.4,0.4,3.0,3.0,1.0,0.0,4.0,4.0,7.0,2.0,0.0,0.0,3.0,7.0,0,0,0,0,1,0,0,0,0,0
226,26,13,13,32.1,7.1,14.1,0.503,2.4,6.4,0.373,4.7,7.7,0.61,0.587,3.4,4.4,0.772,0.7,4.7,5.4,4.3,1.2,0.2,2.5,2.5,19.9,0,0,0,0,0,0,1,0,0,0
51,33,71,0,16.1,2.3,4.8,0.468,0.8,2.1,0.362,1.5,2.7,0.549,0.547,0.8,1.1,0.728,0.9,3.3,4.1,2.2,0.6,0.4,1.2,1.8,6.1,1,0,0,0,0,0,0,0,0,0
290,26,74,74,33.5,10.3,17.7,0.583,1.3,3.9,0.337,9.0,13.8,0.652,0.62,5.1,6.3,0.81,2.8,11.0,13.8,7.9,1.5,0.9,3.8,2.6,27.1,1,0,0,0,0,0,0,0,0,0
140,25,42,1,24.0,2.8,8.0,0.351,1.8,5.2,0.339,1.0,2.8,0.373,0.461,1.7,2.0,0.843,1.0,3.1,4.0,2.8,1.1,0.2,1.7,1.6,9.0,0,0,0,0,0,0,0,0,1,0
125,31,19,19,29.9,5.5,11.1,0.493,3.1,6.5,0.468,2.4,4.6,0.529,0.63,0.9,1.1,0.857,0.2,2.4,2.6,2.6,0.9,0.2,1.3,2.5,14.9,0,0,0,0,0,0,0,0,1,0
97,27,41,18,28.0,2.5,6.2,0.398,1.0,3.1,0.333,1.5,3.2,0.462,0.48,1.4,1.8,0.795,0.8,2.8,3.6,4.0,1.7,0.4,1.4,2.6,7.4,0,0,0,0,0,0,0,0,1,0
237,29,81,32,30.9,5.5,13.6,0.406,3.2,8.8,0.366,2.3,4.7,0.482,0.526,1.4,1.6,0.874,0.8,3.5,4.4,2.8,0.9,0.3,1.9,2.3,15.6,0,0,0,0,0,0,0,0,1,0
597,29,77,8,18.9,1.6,3.5,0.454,0.6,1.5,0.379,1.0,2.0,0.51,0.535,0.7,0.8,0.857,0.6,2.2,2.9,2.4,1.2,0.2,0.6,0.7,4.4,0,0,0,0,0,0,0,0,1,0
535,32,4,1,25.3,3.0,9.8,0.308,1.3,5.5,0.227,1.8,4.3,0.412,0.372,2.0,2.8,0.727,0.3,1.8,2.0,1.5,0.0,0.5,1.3,3.0,9.3,0,0,0,0,1,0,0,0,0,0
593,25,11,10,26.8,4.3,10.5,0.405,0.9,3.4,0.27,3.4,7.2,0.468,0.448,1.3,2.3,0.56,1.8,4.5,6.3,2.9,1.3,0.6,1.1,1.9,10.7,0,0,0,0,0,0,1,0,0,0
315,26,1,0,3.0,0.0,1.0,0.0,0.0,0.0,0.0,0.0,1.0,0.0,0.0,0.0,0.0,0.0,1.0,0.0,1.0,0.0,0.0,0.0,0.0,1.0,0.0,1,0,0,0,0,0,0,0,0,0
593,25,37,1,12.9,1.7,3.8,0.447,0.1,0.8,0.172,1.6,3.0,0.518,0.465,0.7,1.1,0.61,0.8,2.8,3.6,1.4,0.6,0.5,1.0,1.2,4.2,0,0,0,0,0,0,1,0,0,0
150,28,24,24,22.3,5.0,8.1,0.61,0.0,0.0,0.0,5.0,8.1,0.613,0.61,1.8,3.4,0.537,3.9,6.4,10.3,1.4,0.9,1.0,1.5,3.0,11.8,1,0,0,0,0,0,0,0,0,0
438,36,65,65,32.9,5.6,11.3,0.493,1.0,3.1,0.317,4.6,8.3,0.559,0.536,2.6,3.1,0.837,0.3,4.0,4.4,10.8,1.9,0.3,2.4,2.1,14.7,0,0,0,0,1,0,0,0,0,0
69,29,36,36,33.5,6.8,15.1,0.448,1.6,5.2,0.312,5.1,9.9,0.518,0.501,4.0,4.6,0.856,0.9,4.2,5.1,5.9,0.8,0.4,2.1,2.0,19.1,0,0,0,0,1,0,0,0,0,0
467,27,72,72,35.3,7.1,17.3,0.411,1.7,5.4,0.308,5.4,11.9,0.458,0.459,4.2,5.6,0.756,1.7,8.2,9.9,5.1,0.7,0.5,3.4,2.8,20.1,0,0,1,0,0,0,0,0,0,0
266,29,29,29,37.6,10.0,21.2,0.469,3.4,8.2,0.418,6.5,13.0,0.501,0.55,4.1,4.4,0.915,0.6,3.8,4.4,5.8,1.4,0.6,2.5,2.8,27.4,0,0,0,0,1,0,0,0,0,0
526,23,76,76,35.9,9.3,20.6,0.453,3.0,8.6,0.353,6.3,12.0,0.524,0.526,5.3,6.2,0.853,1.1,6.9,8.0,4.4,1.0,0.6,2.9,2.3,26.9,0,0,0,0,0,0,1,0,0,0
118,31,17,5,16.9,3.2,6.9,0.466,0.8,2.8,0.271,2.5,4.1,0.6,0.521,1.8,2.2,0.816,1.4,4.4,5.8,1.1,0.9,0.5,0.9,2.7,9.1,1,0,0,0,0,0,0,0,0,0
190,36,52,4,18.2,1.7,3.2,0.518,0.3,0.7,0.395,1.4,2.5,0.555,0.563,0.8,1.0,0.808,1.7,2.7,4.4,0.6,0.4,0.8,0.5,2.6,4.4,1,0,0,0,0,0,0,0,0,0
578,27,75,52,29.3,4.5,10.7,0.421,1.5,4.9,0.312,3.0,5.7,0.515,0.493,2.7,3.1,0.864,0.5,3.0,3.5,4.9,0.9,0.8,1.6,2.3,13.2,0,0,0,0,0,0,0,0,1,0
538,30,30,3,15.2,2.5,5.0,0.503,0.0,0.0,1.0,2.5,5.0,0.5,0.507,1.1,2.0,0.533,2.4,3.0,5.4,0.6,0.4,0.4,1.0,1.7,6.2,0,0,1,0,0,0,0,0,0,0
315,26,12,0,7.1,1.0,1.8,0.571,0.0,0.3,0.0,1.0,1.4,0.706,0.571,0.2,0.3,0.667,0.8,1.3,2.1,0.7,0.3,0.2,0.0,0.6,2.2,1,0,0,0,0,0,0,0,0,0
45,29,22,0,13.9,1.8,4.7,0.375,1.4,3.9,0.36,0.4,0.8,0.444,0.524,0.4,0.5,0.8,0.3,2.3,2.5,0.7,0.3,0.3,0.2,1.4,5.3,0,0,1,0,0,0,0,0,0,0
248,29,39,0,14.9,1.2,3.4,0.351,0.6,2.1,0.3,0.6,1.3,0.431,0.443,0.3,0.4,0.929,0.3,1.4,1.7,0.8,0.3,0.1,0.2,0.7,3.3,0,0,0,0,0,0,1,0,0,0
412,27,25,11,22.5,1.3,2.4,0.533,0.0,0.1,0.0,1.3,2.3,0.561,0.533,0.8,1.2,0.7,1.9,3.7,5.6,0.9,1.2,1.2,0.8,2.7,3.4,1,0,0,0,0,0,0,0,0,0
377,30,66,66,32.4,6.8,15.5,0.443,2.5,6.6,0.373,4.4,8.9,0.494,0.522,3.9,4.4,0.89,0.6,4.8,5.4,5.4,1.2,0.3,2.9,2.4,20.1,0,0,0,0,0,0,1,0,0,0
80,25,79,61,31.9,6.4,12.8,0.502,1.2,3.2,0.373,5.2,9.6,0.545,0.549,2.3,2.7,0.84,0.5,3.4,3.9,4.8,0.8,0.0,1.6,1.9,16.3,0,0,0,0,1,0,0,0,0,0
481,35,39,1,17.9,1.7,4.5,0.386,0.8,2.3,0.352,0.9,2.3,0.42,0.474,0.5,0.7,0.731,0.4,2.4,2.8,4.4,0.8,0.2,1.7,1.4,4.8,0,0,0,0,1,0,0,0,0,0
532,29,21,6,18.7,3.2,5.3,0.598,0.5,1.3,0.357,2.7,4.0,0.679,0.643,1.0,1.5,0.688,1.3,3.4,4.7,1.0,0.4,0.7,0.7,2.3,7.9,1,0,0,0,0,0,0,0,0,0
45,29,56,0,14.4,1.8,4.9,0.36,1.4,4.1,0.335,0.4,0.8,0.489,0.5,0.6,0.7,0.9,0.2,1.9,2.1,0.6,0.3,0.2,0.3,1.5,5.6,0,0,1,0,0,0,0,0,0,0
5,36,47,12,22.3,5.4,9.7,0.55,0.3,1.0,0.304,5.1,8.8,0.578,0.566,1.9,2.2,0.873,1.6,3.9,5.5,0.9,0.3,1.0,0.9,1.7,12.9,1,0,0,0,0,0,0,0,0,0
300,33,32,19,12.8,1.9,2.8,0.674,0.0,0.0,0.0,1.9,2.8,0.674,0.674,0.4,0.8,0.462,1.6,3.8,5.4,0.4,0.3,0.8,0.7,1.6,4.1,1,0,0,0,0,0,0,0,0,0
222,27,61,30,28.4,3.9,9.1,0.434,1.9,5.0,0.384,2.0,4.1,0.494,0.539,1.4,1.6,0.874,0.6,1.4,2.0,1.8,1.0,0.1,1.0,1.8,11.1,0,0,0,0,0,0,0,0,1,0
289,29,3,0,17.7,0.7,3.3,0.2,0.7,2.0,0.333,0.0,1.3,0.0,0.3,0.0,0.0,0.0,0.7,1.3,2.0,1.7,0.7,0.7,0.3,1.0,2.0,0,0,0,0,1,0,0,0,0,0
567,32,23,2,13.9,1.2,3.3,0.364,0.2,0.7,0.235,1.0,2.6,0.4,0.39,1.0,1.1,0.92,0.3,1.4,1.7,2.4,0.3,0.3,1.0,2.0,3.6,0,0,0,0,1,0,0,0,0,0
304,25,70,13,27.4,4.1,9.1,0.449,2.7,6.0,0.449,1.4,3.1,0.449,0.598,1.0,1.1,0.896,0.3,3.0,3.3,2.1,0.6,0.1,0.9,1.4,11.9,0,0,0,0,0,0,0,0,1,0
192,23,56,56,34.7,8.5,18.8,0.453,1.6,5.3,0.3,6.9,13.5,0.514,0.496,5.9,7.2,0.81,0.7,4.3,5.0,5.9,1.3,0.8,2.8,2.5,24.5,0,0,0,0,1,0,0,0,0,0
323,22,48,5,16.1,1.7,4.0,0.435,0.6,1.8,0.341,1.1,2.2,0.509,0.51,0.5,0.9,0.548,0.6,1.6,2.3,0.4,0.5,0.3,0.3,1.0,4.5,0,0,0,0,0,0,0,0,1,0
418,28,77,77,31.2,2.6,5.8,0.457,1.5,4.0,0.389,1.1,1.8,0.609,0.591,0.6,0.7,0.804,0.8,3.9,4.8,2.5,1.1,0.4,1.0,2.4,7.4,0,0,0,0,0,0,1,0,0,0
380,36,9,1,11.8,1.4,3.3,0.433,0.2,0.9,0.25,1.2,2.4,0.5,0.467,0.6,0.8,0.714,1.3,1.4,2.8,0.6,0.6,0.2,0.9,2.1,3.7,0,0,1,0,0,0,0,0,0,0
457,30,82,71,21.9,3.3,4.9,0.671,0.2,0.5,0.351,3.1,4.4,0.703,0.687,2.0,2.6,0.783,2.1,2.8,4.9,1.2,0.5,0.5,0.8,2.7,8.7,1,0,0,0,0,0,0,0,0,0
445,26,19,0,7.8,0.7,2.1,0.359,0.5,1.6,0.333,0.2,0.5,0.444,0.487,0.5,0.5,1.0,0.1,1.0,1.1,0.9,0.3,0.1,0.3,0.6,2.5,0,0,0,0,0,0,1,0,0,0
589,24,61,61,29.6,4.4,6.0,0.736,0.0,0.0,0.0,4.4,6.0,0.738,0.736,1.1,1.5,0.722,3.9,5.7,9.6,2.0,0.9,2.2,1.0,2.2,10.0,1,0,0,0,0,0,0,0,0,0
52,32,54,29,25.2,3.6,8.7,0.421,0.9,3.0,0.313,2.7,5.6,0.479,0.475,1.6,2.2,0.761,0.5,2.9,3.4,4.2,1.3,0.4,2.1,1.6,9.9,0,0,0,0,1,0,0,0,0,0
277,24,48,4,16.7,2.6,6.8,0.378,1.1,3.9,0.29,1.5,3.0,0.493,0.46,0.8,1.0,0.809,0.4,1.2,1.6,2.3,0.6,0.1,0.8,1.5,7.1,0,0,0,0,0,0,0,0,1,0
394,32,17,1,17.5,3.2,6.7,0.474,0.8,2.3,0.333,2.4,4.4,0.547,0.531,0.5,0.5,0.889,1.0,1.6,2.6,1.4,0.4,0.1,1.2,1.9,7.6,0,0,1,0,0,0,0,0,0,0
284,34,62,10,19.2,2.3,5.0,0.469,0.4,1.4,0.271,2.0,3.6,0.545,0.507,0.5,0.9,0.527,0.8,2.6,3.5,2.1,0.5,0.5,0.8,2.6,5.5,0,0,1,0,0,0,0,0,0,0
107,29,79,1,27.1,5.9,14.1,0.419,2.4,7.6,0.318,3.5,6.5,0.535,0.504,1.8,2.2,0.828,0.8,2.6,3.5,2.5,0.8,0.2,1.6,1.9,16.0,0,0,0,0,0,0,0,0,1,0
41,28,40,40,36.0,8.7,19.3,0.451,1.6,5.3,0.3,7.1,14.0,0.508,0.492,4.2,5.1,0.833,1.0,3.8,4.7,6.6,0.9,0.4,3.4,2.4,23.2,0,0,0,0,0,0,0,0,1,0
370,29,17,3,12.1,1.4,3.6,0.393,0.5,1.6,0.333,0.9,2.0,0.441,0.467,0.1,0.5,0.25,0.8,1.2,1.9,0.3,0.1,0.2,0.4,1.5,3.5,0,0,0,0,0,0,1,0,0,0
66,25,82,82,34.8,5.6,10.5,0.534,1.4,3.8,0.369,4.2,6.7,0.628,0.601,1.6,1.9,0.834,0.9,3.3,4.2,2.3,1.2,0.4,0.8,1.8,14.2,0,0,0,0,0,0,1,0,0,0
504,22,57,30,29.5,6.2,14.0,0.443,3.1,7.8,0.405,3.1,6.2,0.49,0.555,1.8,2.0,0.888,0.5,2.2,2.6,3.9,0.5,0.1,2.0,1.9,17.3,0,0,0,0,0,0,0,0,1,0
181,23,72,53,20.1,4.0,5.7,0.693,0.0,0.0,0.0,4.0,5.7,0.695,0.693,1.5,2.1,0.699,2.2,3.5,5.7,0.9,0.4,1.4,0.9,2.4,9.4,1,0,0,0,0,0,0,0,0,0
138,32,44,3,8.4,1.2,2.5,0.473,0.7,1.5,0.426,0.5,1.0,0.545,0.603,0.4,0.6,0.731,0.7,2.0,2.8,0.8,0.3,0.3,0.5,1.2,3.5,1,0,0,0,0,0,0,0,0,0
157,23,4,0,19.8,2.3,7.5,0.3,1.0,4.0,0.25,1.3,3.5,0.357,0.367,0.3,0.3,1.0,0.5,1.0,1.5,3.5,0.5,0.0,1.3,1.0,5.8,0,0,0,0,0,0,0,0,1,0
236,22,66,10,32.6,7.6,17.0,0.447,2.7,6.7,0.399,4.9,10.3,0.477,0.525,2.9,3.3,0.868,0.5,4.5,5.0,4.0,0.7,0.1,2.6,1.4,20.7,0,0,0,0,0,0,0,0,1,0
385,23,76,37,28.1,5.1,10.9,0.473,2.3,5.8,0.391,2.9,5.1,0.568,0.578,1.2,1.5,0.795,0.5,2.9,3.4,2.9,0.8,0.4,1.6,1.8,13.8,0,0,0,0,0,0,0,0,1,0
455,26,17,17,28.2,7.2,15.2,0.475,1.7,4.6,0.367,5.5,10.6,0.522,0.531,5.9,6.8,0.871,2.2,6.6,8.8,2.9,0.7,1.5,1.6,2.9,22.1,0,0,1,0,0,0,0,0,0,0
380,36,24,0,11.3,1.3,3.5,0.376,0.3,1.1,0.222,1.1,2.4,0.448,0.412,0.5,0.7,0.706,1.2,2.5,3.7,1.0,0.2,0.5,0.5,2.0,3.4,0,0,1,0,0,0,0,0,0,0
61,29,80,9,21.1,3.4,7.2,0.464,0.9,2.9,0.297,2.5,4.4,0.575,0.523,1.9,2.4,0.777,2.2,3.9,6.2,0.3,0.6,0.9,0.5,2.2,9.4,0,0,1,0,0,0,0,0,0,0
33,21,70,70,34.5,7.0,17.1,0.408,2.0,5.8,0.342,5.0,11.3,0.442,0.466,4.1,5.8,0.714,0.9,4.9,5.8,3.0,0.6,0.2,2.2,2.0,20.0,0,0,0,0,0,0,1,0,0,0
540,24,66,50,25.5,2.3,4.5,0.5,0.7,2.2,0.313,1.6,2.4,0.673,0.575,0.5,0.7,0.791,0.6,1.7,2.3,1.1,1.7,1.1,0.6,2.4,5.7,0,0,0,0,0,0,0,0,1,0
120,31,51,14,20.3,2.5,5.5,0.456,0.9,2.7,0.333,1.6,2.8,0.573,0.537,0.5,0.7,0.771,1.2,2.7,3.8,1.1,0.5,0.4,0.8,1.9,6.5,0,0,0,0,0,0,1,0,0,0
337,33,36,9,17.0,3.1,5.5,0.553,0.1,0.2,0.333,3.0,5.4,0.56,0.558,0.9,1.5,0.593,1.9,1.6,3.5,1.5,0.1,0.5,1.2,1.9,7.1,1,0,0,0,0,0,0,0,0,0
340,35,63,63,33.9,4.4,10.0,0.44,2.3,6.1,0.377,2.1,3.9,0.539,0.555,2.3,2.8,0.851,0.5,4.0,4.5,7.5,1.1,0.3,2.7,2.8,13.4,0,0,0,0,1,0,0,0,0,0
114,29,65,19,26.0,3.5,7.6,0.458,2.2,5.7,0.395,1.2,1.9,0.643,0.605,0.7,0.8,0.833,0.7,3.5,4.2,1.3,0.9,0.2,0.5,1.3,9.9,0,0,0,0,0,0,0,0,1,0
18,36,24,11,19.3,1.4,4.1,0.333,0.8,3.1,0.27,0.5,1.0,0.52,0.434,0.4,0.8,0.556,0.4,3.0,3.4,1.1,0.5,0.3,0.5,0.8,4.0,0,0,0,0,0,0,1,0,0,0
488,25,15,15,33.6,7.5,13.5,0.554,0.3,1.1,0.235,7.2,12.3,0.584,0.564,3.7,4.9,0.743,3.1,9.3,12.3,5.8,0.9,0.3,3.5,3.8,18.9,0,0,1,0,0,0,0,0,0,0
289,29,6,0,15.2,1.0,3.3,0.3,0.8,2.2,0.385,0.2,1.2,0.143,0.425,0.0,0.0,0.0,0.5,1.5,2.0,1.2,0.5,0.5,0.3,1.2,2.8,0,0,0,0,1,0,0,0,0,0
582,26,73,73,31.9,6.5,14.0,0.466,2.2,5.5,0.393,4.4,8.5,0.513,0.543,2.0,3.2,0.634,1.2,3.3,4.5,2.2,1.0,0.7,1.5,2.2,17.2,0,0,0,0,0,0,1,0,0,0
329,27,58,49,30.7,6.5,14.7,0.444,1.4,4.4,0.32,5.1,10.3,0.497,0.492,2.5,3.3,0.756,0.7,2.9,3.7,4.3,0.9,0.4,1.9,2.3,17.0,0,0,0,0,0,0,0,0,1,0
312,22,13,0,8.5,1.2,3.1,0.375,0.8,2.2,0.357,0.4,0.9,0.417,0.5,0.5,0.8,0.7,0.6,1.1,1.7,0.2,0.2,0.1,0.4,0.4,3.6,0,0,0,0,0,0,1,0,0,0
226,26,54,53,33.2,5.3,10.5,0.504,1.4,3.9,0.343,4.0,6.6,0.601,0.569,3.0,3.9,0.758,1.1,6.0,7.2,4.1,1.1,0.2,2.1,2.8,14.9,0,0,0,0,0,0,0,0,0,1
149,35,5,2,18.0,2.6,6.8,0.382,0.8,2.8,0.286,1.8,4.0,0.45,0.441,2.0,2.0,1.0,0.4,2.4,2.8,1.8,1.0,0.2,0.2,1.6,8.0,0,0,0,0,1,0,0,0,0,0
226,26,41,40,33.5,4.8,9.4,0.505,1.0,3.2,0.323,3.7,6.2,0.598,0.56,2.8,3.8,0.753,1.3,6.5,7.8,4.1,1.1,0.3,2.0,2.9,13.4,0,0,0,0,0,0,0,0,1,0
125,31,64,64,33.4,5.6,11.5,0.487,2.5,5.8,0.422,3.2,5.7,0.553,0.594,1.3,1.5,0.872,0.3,2.8,3.1,3.6,0.8,0.2,1.7,2.3,15.0,0,0,0,0,0,0,0,0,1,0
262,32,35,10,15.4,2.7,5.5,0.49,0.7,1.8,0.387,2.0,3.7,0.538,0.552,0.6,0.8,0.69,1.1,3.1,4.3,1.0,0.2,0.7,0.9,1.6,6.6,1,0,0,0,0,0,0,0,0,0
602,23,76,76,34.9,9.4,20.3,0.46,3.1,8.0,0.382,6.3,12.3,0.512,0.536,6.6,7.3,0.904,0.7,3.1,3.7,9.7,0.9,0.1,4.0,1.7,28.4,0,0,0,0,1,0,0,0,0,0
168,28,80,80,33.1,4.1,8.7,0.471,2.2,5.4,0.395,1.9,3.2,0.599,0.595,0.7,1.0,0.675,1.5,3.2,4.7,1.9,1.1,0.5,1.0,2.3,11.0,0,0,1,0,0,0,0,0,0,0
478,23,72,62,25.7,3.6,4.8,0.761,0.0,0.0,0.0,3.6,4.8,0.761,0.761,1.2,2.5,0.486,4.1,4.5,8.6,0.5,0.8,1.8,0.8,2.7,8.5,1,0,0,0,0,0,0,0,0,0
262,32,54,12,16.2,2.7,5.5,0.5,0.7,1.8,0.374,2.1,3.6,0.563,0.563,0.6,0.8,0.727,1.1,3.5,4.6,0.9,0.2,0.6,0.8,1.9,6.8,0,1,0,0,0,0,0,0,0,0
279,25,4,0,7.0,0.8,2.5,0.3,0.0,0.0,0.0,0.8,2.5,0.3,0.3,0.8,1.0,0.75,1.8,1.5,3.3,0.3,0.5,0.0,0.3,0.8,2.3,0,0,1,0,0,0,0,0,0,0
565,27,6,0,12.5,1.2,3.3,0.35,0.3,1.3,0.25,0.8,2.0,0.417,0.4,0.2,0.8,0.2,0.0,1.3,1.3,0.2,0.5,0.2,0.3,1.2,2.8,0,0,0,0,0,0,0,0,1,0
154,33,55,55,37.2,10.5,20.3,0.518,2.1,5.5,0.383,8.4,14.8,0.568,0.57,6.8,7.4,0.91,0.5,6.9,7.4,6.4,0.9,0.9,3.5,2.1,29.9,0,0,1,0,0,0,0,0,0,0
213,23,42,13,22.5,4.5,9.1,0.491,1.3,2.9,0.447,3.1,6.1,0.512,0.563,1.1,1.6,0.697,0.6,3.2,3.8,1.1,0.5,0.2,0.8,1.3,11.3,0,0,1,0,0,0,0,0,0,0
223,30,14,14,30.2,4.0,8.9,0.452,2.9,6.3,0.466,1.1,2.6,0.417,0.617,0.4,0.4,0.833,0.4,3.6,4.0,1.0,0.5,0.1,1.1,2.2,11.3,0,0,0,0,0,0,1,0,0,0
218,32,21,21,37.7,5.5,13.6,0.402,2.2,6.7,0.326,3.3,6.9,0.476,0.483,7.9,8.9,0.892,0.6,6.5,7.1,10.5,1.2,0.2,3.4,2.3,21.0,0,0,0,0,0,0,0,0,1,0
27,23,71,69,25.7,4.2,8.7,0.48,1.5,4.0,0.381,2.7,4.7,0.563,0.566,0.8,1.0,0.781,2.1,6.0,8.1,1.2,0.5,1.7,1.1,2.6,10.6,1,0,0,0,0,0,0,0,0,0
403,28,14,0,10.4,0.9,2.5,0.343,0.3,1.0,0.286,0.6,1.5,0.381,0.4,0.4,0.7,0.6,0.3,1.6,1.9,0.5,0.6,0.3,0.8,1.4,2.4,0,0,0,0,0,0,1,0,0,0
119,31,71,42,27.3,2.9,7.0,0.42,1.8,4.8,0.378,1.1,2.2,0.509,0.548,0.8,1.0,0.841,0.8,4.7,5.5,1.3,1.5,1.3,1.1,2.7,8.5,0,0,0,1,0,0,0,0,0,0
153,27,14,3,24.0,3.1,7.3,0.431,0.1,0.8,0.091,3.1,6.5,0.473,0.436,1.2,1.3,0.944,0.6,2.9,3.5,5.6,1.6,0.2,2.3,2.7,7.6,0,0,0,0,1,0,0,0,0,0
393,32,54,54,29.0,5.6,12.8,0.434,1.9,5.1,0.367,3.7,7.7,0.478,0.507,2.4,2.7,0.872,0.5,3.9,4.4,2.1,0.5,0.3,1.3,2.1,15.4,0,0,1,0,0,0,0,0,0,0
195,29,66,66,32.1,5.5,7.7,0.713,0.0,0.1,0.0,5.5,7.6,0.718,0.713,4.6,6.7,0.69,3.7,11.0,14.7,1.1,0.7,2.1,1.8,2.7,15.6,1,0,0,0,0,0,0,0,0,0
321,29,39,0,15.7,2.2,5.8,0.373,1.0,3.0,0.333,1.2,2.8,0.414,0.458,1.7,2.1,0.838,0.4,2.0,2.4,1.3,0.6,0.4,0.6,1.1,7.1,0,0,0,0,0,0,1,0,0,0
552,28,24,0,9.3,1.0,2.8,0.379,0.8,2.0,0.404,0.3,0.8,0.316,0.523,0.0,0.0,0.0,0.4,1.4,1.8,0.5,0.3,0.0,0.5,0.8,2.9,0,0,0,0,0,0,0,0,1,0
332,31,29,29,36.4,7.7,19.0,0.402,3.2,9.8,0.324,4.5,9.2,0.485,0.486,5.5,6.2,0.878,0.4,3.7,4.1,7.3,0.6,0.4,2.9,1.3,24.0,0,0,0,0,1,0,0,0,0,0
446,31,73,73,24.6,2.8,4.4,0.641,0.0,0.0,0.0,2.8,4.4,0.645,0.641,0.9,2.3,0.392,2.4,5.3,7.7,3.1,0.8,0.7,1.4,3.1,6.5,1,0,0,0,0,0,0,0,0,0
34,31,71,71,32.1,5.5,12.6,0.438,2.2,6.1,0.365,3.3,6.6,0.504,0.525,1.4,1.8,0.803,0.6,4.2,4.8,3.9,0.8,0.4,1.8,1.6,14.7,0,0,0,0,0,0,0,0,1,0
310,30,5,0,13.0,2.0,5.0,0.4,0.8,3.4,0.235,1.2,1.6,0.75,0.48,1.6,1.6,1.0,0.0,1.6,1.6,1.6,0.2,0.0,0.8,1.0,6.4,0,0,0,0,1,0,0,0,0,0
440,27,50,1,11.0,1.3,3.5,0.383,0.1,0.4,0.222,1.3,3.1,0.401,0.394,0.2,0.6,0.375,0.4,1.3,1.8,2.0,0.5,0.1,0.9,0.8,3.0,0,0,0,0,1,0,0,0,0,0
6,23,65,21,22.6,3.9,10.5,0.372,1.6,5.2,0.311,2.3,5.3,0.433,0.449,1.2,1.7,0.743,0.6,2.3,2.9,2.4,0.7,0.4,1.4,1.6,10.6,0,0,0,0,0,0,0,0,1,0
593,25,48,11,16.1,2.3,5.4,0.428,0.3,1.4,0.227,2.0,4.0,0.497,0.457,0.8,1.4,0.591,1.0,3.2,4.2,1.8,0.7,0.5,1.0,1.4,5.7,0,0,0,0,0,0,1,0,0,0
177,31,12,3,17.3,1.2,3.8,0.311,0.5,1.4,0.353,0.7,2.3,0.286,0.378,0.4,0.8,0.556,0.4,1.2,1.6,2.8,0.3,0.1,1.3,2.3,3.3,0,0,0,0,1,0,0,0,0,0
119,31,23,2,22.1,3.5,7.0,0.5,2.1,4.7,0.45,1.4,2.3,0.604,0.651,1.2,1.4,0.848,0.8,4.3,5.1,1.0,1.3,1.2,0.7,2.5,10.4,0,0,0,0,0,0,1,0,0,0
251,21,60,19,25.2,3.7,9.0,0.416,0.8,3.0,0.269,2.9,5.9,0.492,0.462,1.7,2.1,0.8,0.6,2.6,3.2,2.7,1.0,0.5,1.4,2.5,10.0,0,0,0,0,0,0,0,0,1,0
429,24,16,0,2.8,0.1,0.6,0.222,0.1,0.5,0.125,0.1,0.1,1.0,0.278,0.0,0.1,0.0,0.1,0.4,0.4,0.3,0.0,0.0,0.1,0.4,0.3,0,0,0,0,0,0,0,0,1,0
576,33,78,78,34.3,7.0,15.8,0.444,1.0,3.4,0.298,6.0,12.4,0.485,0.476,3.4,5.1,0.667,1.4,6.0,7.4,7.1,1.0,0.3,3.8,3.0,18.5,0,0,0,0,1,0,0,0,0,0
514,30,38,10,14.4,0.9,2.6,0.371,0.6,2.0,0.32,0.3,0.6,0.545,0.495,0.1,0.1,1.0,0.3,1.6,1.9,0.5,0.2,0.2,0.3,1.2,2.6,0,0,0,0,0,0,0,0,1,0
248,29,13,0,9.8,0.9,2.0,0.462,0.5,0.8,0.545,0.5,1.2,0.4,0.577,0.3,0.4,0.8,0.2,0.6,0.8,0.6,0.2,0.2,0.3,0.3,2.6,0,0,0,0,0,0,0,0,1,0
535,32,17,0,12.9,3.1,7.1,0.433,1.4,3.4,0.397,1.7,3.6,0.468,0.529,0.8,0.9,0.933,0.2,1.1,1.2,1.4,0.4,0.2,0.6,1.3,8.3,0,0,0,0,1,0,0,0,0,0
120,31,27,2,20.8,2.7,5.9,0.45,1.1,3.6,0.323,1.5,2.4,0.641,0.547,0.4,0.6,0.706,1.0,3.3,4.3,1.2,0.8,0.6,1.0,2.1,6.9,0,0,0,0,0,0,1,0,0,0
346,25,81,33,28.6,4.1,8.5,0.484,0.9,2.6,0.365,3.2,6.0,0.535,0.539,1.6,2.0,0.78,1.3,4.0,5.2,2.6,0.7,0.3,1.0,2.2,10.8,0,0,0,0,0,0,1,0,0,0
16,24,48,48,36.0,6.4,14.5,0.443,2.4,6.6,0.363,4.0,7.9,0.511,0.526,1.9,2.5,0.754,1.5,4.0,5.5,2.6,1.5,0.5,1.7,2.7,17.1,0,0,0,0,0,0,1,0,0,0
424,22,21,0,11.6,1.4,3.3,0.435,0.4,1.2,0.346,1.0,2.0,0.488,0.5,0.4,0.5,0.727,0.5,1.4,2.0,0.7,0.2,0.3,0.2,1.2,3.7,0,0,1,0,0,0,0,0,0,0
126,33,64,64,34.5,8.4,19.1,0.437,4.5,11.7,0.38,3.9,7.4,0.527,0.554,4.3,4.7,0.923,0.5,4.7,5.2,6.3,1.3,0.4,3.2,2.0,25.5,0,0,0,0,1,0,0,0,0,0
367,34,74,17,15.8,3.9,6.2,0.629,0.0,0.1,0.222,3.9,6.1,0.637,0.631,1.4,2.0,0.699,2.2,4.5,6.7,0.6,0.3,1.1,1.3,2.4,9.2,1,0,0,0,0,0,0,0,0,0
54,29,63,27,29.3,5.4,12.6,0.431,2.7,7.3,0.368,2.7,5.3,0.516,0.537,1.5,1.8,0.843,0.5,3.5,4.0,3.1,1.1,0.2,1.1,2.1,15.1,0,0,0,0,0,0,0,0,1,0
578,27,49,48,30.3,5.0,11.6,0.426,1.7,5.3,0.314,3.3,6.4,0.519,0.497,2.8,3.3,0.869,0.5,3.0,3.5,5.6,1.0,0.9,1.8,2.4,14.4,0,0,0,0,0,0,0,0,1,0
95,26,66,3,13.7,1.5,3.8,0.387,1.0,2.6,0.388,0.5,1.3,0.386,0.518,0.2,0.3,0.833,0.2,1.5,1.7,1.5,0.4,0.2,0.5,1.0,4.2,0,0,0,0,1,0,0,0,0,0
63,31,62,45,22.7,2.4,5.6,0.423,1.3,3.4,0.39,1.1,2.3,0.471,0.54,0.3,0.3,0.889,0.5,1.7,2.2,0.8,0.9,0.1,0.6,1.9,6.4,0,0,0,0,0,0,0,0,1,0
374,23,73,15,22.7,3.8,9.5,0.404,1.9,5.1,0.374,1.9,4.4,0.44,0.504,1.2,1.6,0.75,0.9,3.6,4.5,2.7,1.4,0.5,1.5,1.8,10.8,0,0,0,0,0,0,0,0,1,0
78,26,49,3,12.8,1.2,3.2,0.381,0.6,1.9,0.304,0.6,1.3,0.492,0.471,0.3,0.3,0.933,0.5,2.5,3.0,0.7,0.3,0.1,0.5,1.1,3.3,0,0,0,0,0,0,0,0,1,0
281,25,66,16,26.2,4.2,9.2,0.46,2.5,5.9,0.425,1.7,3.3,0.523,0.596,1.5,1.7,0.86,0.6,3.5,4.1,1.5,0.9,0.2,0.7,1.7,12.5,0,0,1,0,0,0,0,0,0,0
459,28,40,39,33.3,6.2,13.6,0.456,2.3,5.7,0.406,3.9,7.8,0.492,0.542,4.0,5.0,0.803,0.4,2.9,3.3,2.1,1.0,0.4,1.6,2.3,18.7,0,0,0,0,0,0,1,0,0,0
459,28,45,41,32.4,6.2,13.4,0.461,2.4,5.6,0.419,3.8,7.8,0.491,0.549,4.2,5.2,0.811,0.4,2.8,3.2,2.1,0.9,0.5,1.5,2.4,19.0,0,0,0,0,0,0,0,1,0,0
562,31,37,37,25.6,4.0,10.0,0.403,2.0,5.4,0.367,2.1,4.6,0.444,0.501,1.6,1.9,0.845,0.4,2.6,3.0,3.5,0.7,0.2,1.3,1.0,11.6,0,0,0,0,1,0,0,0,0,0
175,24,59,59,35.3,8.7,18.5,0.473,1.3,4.2,0.297,7.5,14.3,0.524,0.506,4.4,5.9,0.75,0.4,3.5,3.9,5.6,1.2,0.4,2.8,2.9,23.2,0,0,0,0,1,0,0,0,0,0
301,30,65,39,24.6,2.7,6.2,0.445,1.0,2.4,0.414,1.7,3.7,0.465,0.526,1.5,1.7,0.885,0.4,2.2,2.7,3.6,0.6,0.3,1.3,2.3,8.0,0,0,0,0,1,0,0,0,0,0
98,28,20,2,9.2,0.8,1.8,0.457,0.1,0.1,0.5,0.8,1.7,0.455,0.471,0.1,0.1,0.5,0.7,1.4,2.0,0.5,0.3,0.2,0.4,1.0,1.7,1,0,0,0,0,0,0,0,0,0
430,26,66,3,22.2,3.7,8.7,0.432,1.9,5.4,0.357,1.8,3.2,0.559,0.544,1.3,2.0,0.664,0.4,1.8,2.2,2.0,0.8,0.2,1.0,1.9,10.7,0,0,0,0,0,0,1,0,0,0
182,33,66,18,25.3,3.9,9.0,0.434,1.7,4.5,0.381,2.2,4.6,0.485,0.528,2.1,2.4,0.904,0.5,4.1,4.7,1.5,0.4,0.2,0.6,1.4,11.7,0,0,1,0,0,0,0,0,0,0
260,25,6,0,3.7,0.2,0.3,0.5,0.0,0.0,0.0,0.2,0.3,0.5,0.5,0.3,0.3,1.0,0.0,0.8,0.8,0.3,0.0,0.0,0.7,0.2,0.7,0,0,0,0,0,0,1,0,0,0
40,21,69,53,27.9,4.0,9.4,0.422,1.2,3.9,0.297,2.8,5.5,0.511,0.484,1.7,2.5,0.688,1.0,5.3,6.3,1.4,0.8,1.0,1.3,1.0,10.8,0,0,1,0,0,0,0,0,0,0
65,23,42,1,12.8,1.9,4.5,0.431,0.6,2.1,0.31,1.3,2.4,0.535,0.503,0.5,0.8,0.656,0.5,1.2,1.7,0.9,0.2,0.1,0.4,1.1,5.0,0,0,0,0,0,0,1,0,0,0
2,28,76,75,26.3,2.8,5.1,0.547,0.0,0.0,0.0,2.8,5.0,0.548,0.547,1.4,2.6,0.543,4.6,5.4,10.0,3.4,0.9,0.8,1.5,2.0,6.9,1,0,0,0,0,0,0,0,0,0
272,26,6,0,5.8,0.8,2.3,0.357,0.5,1.5,0.333,0.3,0.8,0.4,0.464,0.0,0.0,0.0,0.2,1.0,1.2,0.3,0.0,0.0,0.2,0.5,2.2,0,0,0,0,0,0,1,0,0,0
492,24,38,1,12.3,1.4,3.4,0.419,0.7,2.1,0.329,0.7,1.3,0.56,0.519,0.3,0.4,0.8,0.4,1.9,2.3,0.7,0.1,0.1,0.6,1.5,3.8,0,0,0,0,0,0,1,0,0,0
140,25,17,0,20.1,2.3,6.9,0.331,1.2,4.4,0.284,1.1,2.6,0.409,0.419,1.4,1.6,0.852,1.1,2.5,3.5,1.7,0.6,0.2,1.6,1.5,7.2,0,0,0,0,0,0,0,0,1,0
436,26,12,0,9.3,1.5,3.2,0.474,0.7,1.3,0.5,0.8,1.8,0.455,0.579,0.8,0.8,1.0,0.4,1.9,2.3,0.5,0.3,0.1,0.7,1.1,4.4,0,0,1,0,0,0,0,0,0,0
586,27,49,0,21.9,3.0,6.5,0.461,0.8,2.5,0.339,2.1,4.0,0.536,0.525,0.6,1.1,0.545,1.5,3.0,4.5,2.2,0.9,0.2,0.9,1.7,7.4,0,0,0,0,0,0,1,0,0,0
246,32,25,25,25.6,2.8,8.2,0.348,2.0,5.8,0.342,0.8,2.3,0.362,0.471,0.6,0.8,0.762,0.4,1.8,2.2,1.5,0.8,0.6,0.8,2.0,8.3,0,0,0,0,0,0,0,0,1,0
343,26,51,3,19.4,3.4,7.5,0.456,0.9,2.9,0.301,2.6,4.7,0.55,0.513,2.7,3.5,0.784,1.2,3.6,4.8,1.1,0.4,0.5,1.1,1.8,10.4,0,0,1,0,0,0,0,0,0,0
139,28,67,51,29.6,4.6,11.0,0.416,1.7,4.9,0.339,2.9,6.0,0.479,0.493,2.9,3.8,0.774,0.7,3.5,4.2,5.2,0.7,0.2,1.6,2.2,13.7,0,0,0,0,1,0,0,0,0,0
552,28,2,0,9.0,1.0,2.0,0.5,0.5,1.5,0.333,0.5,0.5,1.0,0.625,0.0,0.0,0.0,0.0,2.0,2.0,0.0,0.5,0.0,1.0,1.5,2.5,0,0,0,0,0,0,0,0,1,0
139,28,44,44,30.2,4.2,11.2,0.376,1.6,5.1,0.31,2.6,6.0,0.432,0.447,2.6,3.3,0.811,0.8,3.9,4.7,5.8,0.6,0.2,1.7,2.4,12.6,0,0,0,0,1,0,0,0,0,0
532,29,26,21,22.5,3.2,6.9,0.469,0.9,3.0,0.291,2.3,3.8,0.61,0.534,1.0,1.5,0.675,1.2,3.8,5.0,0.8,0.4,0.7,1.2,2.4,8.4,1,0,0,0,0,0,0,0,0,0
237,29,26,26,35.6,7.0,15.6,0.447,3.1,8.5,0.362,3.9,7.1,0.549,0.546,1.2,1.3,0.886,0.9,4.2,5.1,4.8,1.0,0.4,2.4,2.7,18.2,0,0,0,0,0,0,0,0,1,0
111,24,28,4,17.9,2.7,5.5,0.49,0.5,1.5,0.341,2.2,4.1,0.544,0.535,1.9,2.3,0.8,1.6,3.8,5.5,2.2,0.5,0.8,1.6,2.4,7.8,0,0,1,0,0,0,0,0,0,0
437,25,58,3,12.7,2.0,4.1,0.485,0.7,1.9,0.37,1.3,2.2,0.583,0.57,1.1,1.5,0.767,0.5,1.3,1.8,0.6,0.2,0.1,0.5,0.9,5.8,0,0,1,0,0,0,0,0,0,0
72,25,72,45,24.6,3.6,7.0,0.506,0.5,1.3,0.404,3.0,5.7,0.529,0.543,1.3,1.8,0.758,1.4,3.4,4.8,2.1,1.1,0.7,0.8,2.4,9.0,0,0,0,0,0,0,1,0,0,0
279,25,3,0,6.0,0.7,2.0,0.333,0.0,0.7,0.0,0.7,1.3,0.5,0.333,0.0,0.3,0.0,1.7,2.3,4.0,0.0,0.0,0.0,1.0,0.0,1.3,0,0,1,0,0,0,0,0,0,0
390,22,57,57,33.1,10.2,20.6,0.493,1.5,4.5,0.344,8.6,16.2,0.534,0.53,5.5,7.3,0.761,1.4,4.4,5.7,6.7,1.2,0.4,3.4,1.5,27.4,0,0,0,0,1,0,0,0,0,0
312,22,30,0,7.4,1.0,2.8,0.365,0.5,1.8,0.278,0.5,1.0,0.516,0.453,0.5,0.7,0.727,0.5,1.0,1.5,0.3,0.1,0.1,0.2,0.6,3.1,0,0,0,0,0,0,1,0,0,0
210,32,56,24,17.1,2.4,5.6,0.425,0.7,2.6,0.262,1.7,3.0,0.565,0.486,1.0,1.4,0.724,1.1,3.0,4.1,1.9,0.5,0.3,0.6,1.7,6.4,0,0,1,0,0,0,0,0,0,0
201,27,47,47,31.9,6.3,14.9,0.426,1.9,5.4,0.358,4.4,9.5,0.465,0.491,4.6,5.5,0.838,0.6,3.5,4.1,2.4,0.9,1.0,1.8,2.3,19.2,0,0,1,0,0,0,0,0,0,0
248,29,52,0,13.6,1.1,3.0,0.369,0.6,1.8,0.33,0.5,1.3,0.424,0.465,0.3,0.4,0.895,0.3,1.2,1.5,0.7,0.3,0.1,0.2,0.6,3.1,0,0,0,0,0,0,0,1,0,0
183,30,7,0,15.3,0.9,3.7,0.231,0.3,2.3,0.125,0.6,1.4,0.4,0.269,0.0,0.0,0.0,0.4,2.1,2.6,1.7,0.1,0.0,0.9,1.0,2.0,0,0,0,0,0,0,0,0,1,0
595,26,68,67,30.8,6.5,12.9,0.501,1.9,4.9,0.39,4.5,8.0,0.57,0.576,3.0,4.9,0.623,1.6,8.5,10.1,2.3,0.8,1.0,1.9,2.5,17.9,1,0,0,0,0,0,0,0,0,0
604,29,27,0,13.1,1.9,3.3,0.567,0.0,0.1,0.0,1.9,3.2,0.593,0.567,1.4,1.8,0.776,1.9,2.8,4.6,0.8,0.3,0.2,0.7,2.1,5.2,1,0,0,0,0,0,0,0,0,0
362,30,62,62,34.6,8.6,18.8,0.46,2.9,7.6,0.388,5.7,11.2,0.509,0.539,1.9,2.7,0.682,0.9,3.5,4.3,5.1,1.1,0.4,2.0,2.0,22.1,0,0,0,0,0,0,0,0,1,0
474,28,65,7,24.6,3.6,8.2,0.438,1.6,3.8,0.415,2.0,4.4,0.458,0.534,1.5,1.7,0.889,0.6,2.2,2.8,1.8,0.9,0.4,1.0,1.8,10.2,0,0,0,0,0,0,0,0,1,0
274,37,56,56,37.2,11.4,21.8,0.524,2.9,8.0,0.359,8.6,13.8,0.62,0.59,4.5,6.0,0.756,1.1,7.1,8.2,6.2,1.3,1.1,3.5,2.2,30.3,0,0,0,0,0,0,1,0,0,0
125,31,45,45,34.8,5.7,11.7,0.485,2.2,5.6,0.4,3.5,6.2,0.561,0.58,1.4,1.6,0.877,0.4,3.0,3.4,4.0,0.8,0.2,1.9,2.2,15.0,0,0,0,0,0,0,0,0,1,0
171,28,35,1,17.4,2.9,6.9,0.424,1.7,4.1,0.41,1.3,2.8,0.444,0.545,1.0,1.1,0.921,0.2,0.7,0.9,1.0,0.2,0.1,0.7,1.5,8.6,0,0,0,0,0,0,0,0,1,0
514,30,53,12,15.5,1.3,3.2,0.404,0.8,2.4,0.352,0.5,0.8,0.558,0.535,0.1,0.1,1.0,0.3,1.6,1.9,0.5,0.3,0.2,0.4,1.3,3.5,0,0,0,0,0,0,0,0,1,0
551,29,74,74,30.3,6.9,12.7,0.544,0.8,2.1,0.361,6.1,10.5,0.581,0.574,3.2,3.9,0.82,3.1,8.3,11.4,2.6,0.6,0.8,2.4,3.3,17.8,1,0,0,0,0,0,0,0,0,0
136,25,3,0,10.3,1.0,2.7,0.375,0.0,0.0,0.0,1.0,2.7,0.375,0.375,1.7,2.0,0.833,1.3,2.7,4.0,0.0,0.3,0.0,0.3,2.0,3.7,1,0,0,0,0,0,0,0,0,0
122,22,37,0,9.1,1.4,3.6,0.378,0.3,1.3,0.255,1.1,2.4,0.443,0.422,0.4,0.9,0.471,0.4,0.9,1.3,0.9,0.5,0.1,0.5,1.1,3.5,0,0,0,0,0,0,0,0,1,0
369,30,51,2,14.8,1.9,4.4,0.436,1.1,2.9,0.397,0.8,1.5,0.506,0.564,0.4,0.5,0.731,0.6,1.6,2.2,0.9,0.4,0.1,0.5,1.1,5.4,0,0,0,0,0,0,0,0,1,0
171,28,75,2,17.1,3.1,7.2,0.429,1.6,3.9,0.414,1.5,3.3,0.447,0.542,1.1,1.2,0.908,0.1,1.1,1.2,1.0,0.3,0.1,0.7,1.3,8.8,0,0,0,0,0,0,0,0,1,0
415,27,56,56,28.2,5.7,10.7,0.535,0.3,1.0,0.268,5.5,9.7,0.563,0.548,3.3,4.8,0.69,3.0,8.1,11.1,2.8,1.1,0.6,2.6,3.4,15.0,1,0,0,0,0,0,0,0,0,0
93,27,74,73,27.6,5.0,8.2,0.613,0.0,0.0,0.0,5.0,8.1,0.614,0.613,1.1,2.3,0.473,3.8,8.1,11.9,1.2,0.7,1.3,0.6,2.2,11.1,1,0,0,0,0,0,0,0,0,0
461,27,69,8,17.1,2.6,5.7,0.454,1.2,3.3,0.376,1.3,2.3,0.565,0.564,0.9,1.2,0.756,0.4,2.1,2.5,1.0,0.7,0.3,0.8,1.7,7.3,0,0,1,0,0,0,0,0,0,0
343,26,24,20,22.8,3.6,7.4,0.489,1.0,2.6,0.365,2.7,4.8,0.557,0.553,2.4,2.8,0.851,1.2,4.4,5.6,1.3,0.3,0.3,0.8,1.3,10.6,0,0,1,0,0,0,0,0,0,0
535,32,1,0,13.0,3.0,8.0,0.375,0.0,3.0,0.0,3.0,5.0,0.6,0.375,0.0,0.0,0.0,0.0,0.0,0.0,4.0,0.0,0.0,0.0,0.0,6.0,0,0,0,0,1,0,0,0,0,0
64,24,55,7,10.0,1.3,2.2,0.585,0.0,0.0,0.0,1.3,2.2,0.585,0.585,0.3,0.5,0.655,1.2,2.2,3.4,0.5,0.2,0.6,0.6,1.1,3.0,1,0,0,0,0,0,0,0,0,0
149,35,16,6,25.5,2.8,7.3,0.376,0.8,3.1,0.245,2.0,4.3,0.471,0.427,1.1,1.4,0.739,0.7,2.5,3.2,4.8,0.9,0.2,2.1,2.3,7.3,0,0,0,0,1,0,0,0,0,0
552,28,22,0,9.3,1.0,2.8,0.371,0.8,2.0,0.409,0.2,0.8,0.278,0.516,0.0,0.0,0.0,0.4,1.3,1.7,0.5,0.3,0.0,0.5,0.8,2.9,0,0,0,0,0,0,0,0,1,0
380,36,33,1,11.4,1.4,3.5,0.391,0.2,1.1,0.229,1.1,2.4,0.463,0.426,0.5,0.7,0.708,1.2,2.2,3.5,0.9,0.3,0.4,0.6,2.0,3.5,0,0,1,0,0,0,0,0,0,0
535,32,22,1,15.1,3.0,7.6,0.401,1.3,3.8,0.337,1.8,3.8,0.464,0.485,1.0,1.2,0.846,0.2,1.1,1.3,1.5,0.3,0.2,0.7,1.5,8.4,0,0,0,0,1,0,0,0,0,0
58,22,15,0,4.6,0.2,0.9,0.231,0.1,0.3,0.25,0.1,0.6,0.222,0.269,0.3,0.5,0.625,0.3,0.2,0.5,0.3,0.5,0.1,0.1,0.7,0.8,0,0,0,0,0,0,1,0,0,0
83,30,68,37,28.0,3.0,7.4,0.401,2.1,5.8,0.36,0.9,1.6,0.55,0.542,0.6,0.7,0.833,0.5,3.1,3.5,1.2,0.6,0.2,0.6,1.6,8.6,0,0,0,0,0,0,1,0,0,0
514,30,15,2,18.5,2.2,4.9,0.446,1.4,3.5,0.396,0.8,1.4,0.571,0.588,0.1,0.1,1.0,0.3,1.7,2.1,0.5,0.5,0.1,0.5,1.7,5.9,0,0,0,0,0,0,0,0,1,0
179,23,18,3,20.0,4.6,9.7,0.474,0.2,0.9,0.235,4.4,8.8,0.5,0.486,1.4,1.7,0.806,0.2,2.5,2.7,5.5,1.1,0.3,2.2,1.2,10.8,0,0,0,0,1,0,0,0,0,0
414,23,58,5,11.8,1.5,3.8,0.399,0.7,1.9,0.342,0.9,1.9,0.455,0.484,0.4,0.4,0.96,0.2,1.2,1.4,1.2,0.5,0.1,0.5,1.1,4.1,0,0,0,0,1,0,0,0,0,0
45,29,34,0,14.7,1.8,5.0,0.351,1.4,4.2,0.319,0.4,0.8,0.519,0.485,0.8,0.9,0.933,0.2,1.6,1.8,0.5,0.3,0.2,0.4,1.6,5.7,0,0,1,0,0,0,0,0,0,0
250,35,69,69,29.1,3.9,8.2,0.467,1.3,3.8,0.336,2.6,4.4,0.582,0.546,1.2,1.4,0.842,1.6,6.1,7.7,3.4,0.7,1.3,0.9,1.9,10.2,1,0,0,0,0,0,0,0,0,0
227,23,68,0,17.9,3.4,5.4,0.626,0.2,0.4,0.467,3.2,4.9,0.64,0.645,1.3,1.9,0.689,1.7,3.2,4.9,2.4,0.7,1.1,1.2,2.5,8.3,1,0,0,0,0,0,0,0,0,0
218,32,44,44,37.0,6.6,16.0,0.414,2.3,7.0,0.332,4.3,9.1,0.476,0.486,6.9,8.0,0.869,1.0,7.0,8.0,10.2,1.3,0.7,4.8,2.4,22.5,0,0,0,0,1,0,0,0,0,0
328,28,39,10,15.9,2.4,4.5,0.534,0.2,0.5,0.286,2.3,4.0,0.568,0.551,1.1,1.6,0.651,1.3,2.8,4.1,1.2,0.3,0.6,1.1,2.6,6.0,1,0,0,0,0,0,0,0,0,0
273,31,75,75,31.2,6.4,16.3,0.392,2.2,6.8,0.326,4.2,9.5,0.439,0.46,1.8,2.2,0.847,0.5,3.1,3.6,4.8,0.7,0.2,2.3,2.1,16.8,0,0,0,0,0,0,0,0,1,0
48,29,55,28,18.0,1.8,3.6,0.485,0.0,0.3,0.0,1.8,3.4,0.522,0.485,1.0,1.3,0.746,2.2,2.1,4.3,1.0,0.5,0.5,0.5,1.9,4.5,1,0,0,0,0,0,0,0,0,0
49,22,50,16,14.6,2.6,5.0,0.52,0.5,1.6,0.288,2.2,3.4,0.628,0.565,1.3,1.9,0.681,1.6,2.0,3.5,1.1,0.4,0.8,0.9,2.1,7.0,1,0,0,0,0,0,0,0,0,0
177,31,2,0,4.0,0.5,1.0,0.5,0.0,0.0,0.0,0.5,1.0,0.5,0.5,0.0,0.0,0.0,0.0,0.0,0.0,0.5,0.0,0.0,1.0,1.5,1.0,0,0,0,0,1,0,0,0,0,0
255,23,74,60,29.6,4.7,10.3,0.454,2.2,5.6,0.389,2.5,4.7,0.53,0.559,0.6,0.7,0.808,0.4,3.0,3.4,2.7,0.7,0.4,1.2,2.5,12.1,0,0,0,0,0,0,0,0,1,0
557,31,73,73,33.1,7.5,15.8,0.473,1.4,4.5,0.314,6.1,11.3,0.537,0.518,1.3,1.7,0.76,1.9,9.1,11.0,3.2,1.0,1.0,1.9,2.5,17.6,1,0,0,0,0,0,0,0,0,0
409,28,76,7,22.8,3.2,7.4,0.437,2.1,5.1,0.403,1.2,2.3,0.511,0.575,0.7,0.8,0.881,0.3,2.3,2.7,1.3,0.4,0.2,0.8,2.5,9.2,0,0,1,0,0,0,0,0,0,0
538,30,23,3,16.3,2.3,4.0,0.565,0.0,0.1,0.0,2.3,3.9,0.578,0.565,1.1,2.1,0.542,1.8,3.0,4.7,0.6,0.5,0.3,0.5,1.7,5.7,0,0,1,0,0,0,0,0,0,0
208,35,75,63,24.7,3.7,7.1,0.524,0.7,2.2,0.315,3.0,4.8,0.62,0.574,2.2,2.6,0.833,0.5,2.5,3.1,1.3,0.4,0.4,0.9,2.0,10.3,1,0,0,0,0,0,0,0,0,0
401,30,43,0,13.8,2.6,5.8,0.456,1.6,3.8,0.429,1.0,2.0,0.506,0.597,1.1,1.3,0.842,0.5,2.5,3.0,0.5,0.4,0.6,0.3,1.3,8.0,1,0,0,0,0,0,0,0,0,0
553,22,74,67,25.4,2.9,4.9,0.587,0.0,0.2,0.143,2.8,4.7,0.605,0.59,1.2,1.8,0.656,2.9,5.5,8.4,1.3,1.3,0.6,1.0,2.4,6.9,0,0,1,0,0,0,0,0,0,0
246,32,49,40,28.9,3.9,9.3,0.415,2.6,6.9,0.378,1.3,2.5,0.516,0.553,0.7,0.8,0.829,0.4,2.4,2.8,1.8,0.7,0.4,1.0,2.1,11.0,0,0,0,0,0,0,1,0,0,0
140,25,25,1,26.6,3.2,8.7,0.362,2.1,5.8,0.368,1.0,3.0,0.351,0.484,1.9,2.2,0.839,0.9,3.5,4.4,3.6,1.5,0.2,1.8,1.7,10.3,0,0,0,0,0,0,0,0,1,0
488,25,62,61,34.5,7.1,12.5,0.573,0.6,2.0,0.312,6.5,10.5,0.623,0.598,4.0,5.4,0.741,3.2,8.9,12.1,5.2,1.0,0.4,3.1,3.3,18.9,0,1,0,0,0,0,0,0,0,0
484,27,73,73,33.7,7.1,16.0,0.444,3.0,8.1,0.374,4.1,7.9,0.516,0.539,2.1,2.4,0.852,0.8,3.5,4.3,4.5,1.3,0.3,1.3,1.6,19.3,0,0,0,0,0,0,0,0,1,0
271,24,39,3,18.1,2.6,6.4,0.41,0.8,2.9,0.265,1.9,3.5,0.529,0.47,1.0,1.4,0.714,0.4,2.7,3.2,1.3,0.5,0.5,1.0,1.8,7.1,0,0,0,0,0,0,1,0,0,0
325,27,34,1,6.8,0.9,2.1,0.411,0.2,1.0,0.229,0.6,1.1,0.579,0.466,0.4,0.5,0.722,0.2,0.9,1.1,0.3,0.2,0.1,0.3,0.4,2.4,0,0,0,0,0,0,1,0,0,0
167,23,30,0,5.1,1.2,1.8,0.655,0.0,0.1,0.5,1.2,1.8,0.66,0.664,0.5,0.8,0.625,0.6,1.2,1.8,0.2,0.0,0.4,0.5,0.8,2.9,1,0,0,0,0,0,0,0,0,0
366,30,51,51,24.0,4.2,9.1,0.462,2.1,5.0,0.422,2.1,4.1,0.512,0.578,0.8,1.0,0.784,0.4,1.9,2.3,1.3,0.3,0.1,0.8,1.5,11.3,0,0,1,0,0,0,0,0,0,0
118,31,48,7,15.0,3.1,6.8,0.46,0.8,2.5,0.303,2.3,4.2,0.554,0.517,2.0,2.6,0.76,1.5,4.1,5.6,1.5,0.7,0.4,1.8,2.9,9.0,1,0,0,0,0,0,0,0,0,0
482,33,26,4,24.5,4.7,10.5,0.445,1.4,3.5,0.402,3.3,7.0,0.467,0.513,1.2,1.2,0.968,0.8,2.2,3.0,4.0,0.8,0.5,1.5,0.6,12.0,0,0,0,0,1,0,0,0,0,0
42,25,79,18,25.0,4.2,10.8,0.391,3.0,8.1,0.377,1.2,2.7,0.432,0.532,0.6,0.8,0.817,0.3,2.5,2.9,1.5,0.5,0.2,0.5,1.1,12.1,0,0,0,0,0,0,0,0,1,0
232,31,49,48,31.9,5.8,12.6,0.459,1.8,4.5,0.391,4.0,8.1,0.496,0.528,2.6,3.0,0.846,0.8,3.8,4.6,3.6,1.0,0.4,1.7,1.7,15.9,0,0,0,0,0,0,1,0,0,0
486,25,65,65,32.0,6.2,15.0,0.411,2.7,8.0,0.34,3.5,7.0,0.492,0.502,3.0,3.7,0.825,0.4,2.9,3.3,7.1,1.0,0.3,2.5,2.0,18.1,0,0,0,0,1,0,0,0,0,0
579,32,65,8,17.9,3.3,5.1,0.652,0.0,0.0,0.0,3.3,5.1,0.652,0.652,1.6,2.6,0.623,2.6,5.0,7.6,0.4,0.3,1.6,0.8,2.8,8.2,1,0,0,0,0,0,0,0,0,0
244,25,22,1,16.3,2.3,5.6,0.411,0.7,1.6,0.444,1.6,4.0,0.398,0.476,1.4,1.5,0.939,0.7,1.8,2.5,3.4,0.8,0.0,1.3,1.5,6.8,0,0,0,0,1,0,0,0,0,0
585,23,77,21,24.4,2.7,5.6,0.475,1.4,3.4,0.411,1.3,2.3,0.569,0.597,1.1,1.2,0.905,0.8,2.7,3.6,1.0,0.5,0.7,0.8,2.4,7.8,0,0,1,0,0,0,0,0,0,0
59,25,68,68,34.5,9.7,20.9,0.466,2.7,7.0,0.383,7.0,13.9,0.508,0.53,4.6,5.3,0.868,0.7,4.4,5.0,4.8,1.1,0.4,2.4,2.6,26.8,0,0,0,0,0,0,0,0,1,0
265,24,55,55,34.0,8.2,17.9,0.461,1.3,4.1,0.327,6.9,13.8,0.501,0.498,4.8,5.9,0.826,0.6,5.2,5.8,5.6,0.6,0.5,2.7,2.2,22.7,0,0,0,0,0,0,1,0,0,0
455,26,51,51,29.0,6.9,15.0,0.459,1.5,4.9,0.31,5.4,10.1,0.532,0.51,4.9,5.6,0.867,2.0,6.1,8.1,2.3,0.7,1.6,1.6,2.7,20.2,0,0,1,0,0,0,0,0,0,0
128,32,31,3,6.5,0.4,0.5,0.688,0.0,0.0,0.0,0.4,0.5,0.688,0.688,0.2,0.5,0.429,0.5,1.6,2.1,0.2,0.1,0.3,0.2,1.1,0.9,1,0,0,0,0,0,0,0,0,0
113,34,72,72,28.6,4.8,11.0,0.435,2.3,5.8,0.408,2.4,5.2,0.464,0.542,1.8,2.3,0.796,0.7,2.4,3.0,5.3,1.3,0.3,1.7,2.0,13.7,0,0,0,0,1,0,0,0,0,0
127,28,40,40,35.1,9.3,17.4,0.532,0.3,1.8,0.186,8.9,15.6,0.571,0.542,4.4,6.1,0.713,2.7,7.2,9.9,3.1,1.2,2.3,2.1,2.4,23.2,1,0,0,0,0,0,0,0,0,0
416,29,46,4,13.2,1.8,3.8,0.483,0.3,1.1,0.306,1.5,2.8,0.551,0.526,1.0,1.5,0.716,0.9,2.4,3.3,0.8,0.6,0.4,0.5,1.2,5.1,0,0,0,0,0,0,1,0,0,0
324,26,67,67,34.7,8.4,17.7,0.476,2.8,7.1,0.389,5.7,10.6,0.534,0.554,4.8,5.6,0.853,0.3,4.3,4.6,4.5,0.6,0.3,2.6,1.8,24.4,0,0,0,0,0,0,1,0,0,0
383,25,67,67,33.8,9.2,20.5,0.448,3.5,9.8,0.355,5.7,10.8,0.533,0.533,4.0,4.7,0.853,0.8,3.4,4.2,5.3,1.5,0.2,3.0,2.4,25.9,0,0,0,0,0,0,0,0,1,0
286,22,75,74,31.9,6.3,13.5,0.466,2.1,5.3,0.398,4.2,8.2,0.51,0.545,2.4,3.1,0.756,1.1,5.0,6.1,2.1,0.8,0.2,1.2,2.0,17.0,0,0,0,0,0,0,1,0,0,0
12,27,67,67,32.9,10.3,18.6,0.553,1.1,3.6,0.293,9.2,15.0,0.616,0.582,8.3,11.4,0.722,2.0,9.6,11.6,5.8,1.1,1.4,3.3,3.2,29.9,0,0,1,0,0,0,0,0,0,0
536,27,40,0,11.5,1.4,3.4,0.41,0.9,2.3,0.385,0.5,1.1,0.465,0.541,0.4,0.5,0.8,0.1,1.2,1.3,0.5,0.2,0.1,0.2,0.5,4.0,0,0,0,0,0,0,0,0,1,0
268,23,53,7,22.0,3.7,9.1,0.402,1.6,5.3,0.308,2.0,3.8,0.529,0.491,1.6,2.0,0.827,0.4,1.3,1.6,1.0,0.5,0.2,0.7,1.7,10.6,0,0,0,0,1,0,0,0,0,0
336,33,13,11,22.9,4.7,10.1,0.466,1.5,4.1,0.358,3.2,6.0,0.538,0.538,1.5,1.8,0.87,1.5,2.6,4.1,0.5,0.6,1.2,0.9,2.6,12.4,1,0,0,0,0,0,0,0,0,0
472,22,77,6,15.8,3.0,6.2,0.489,0.7,2.2,0.343,2.3,4.0,0.568,0.549,1.5,1.9,0.765,1.3,2.6,3.9,0.9,0.5,0.9,1.1,2.2,8.3,1,0,0,0,0,0,0,0,0,0
264,34,45,15,24.9,2.6,6.3,0.404,1.7,5.0,0.347,0.8,1.3,0.617,0.54,0.4,0.5,0.773,0.3,2.6,2.9,3.5,0.5,0.1,1.0,1.8,7.2,0,0,0,0,0,0,1,0,0,0
167,23,10,0,9.4,2.9,4.1,0.707,0.0,0.1,0.0,2.9,4.0,0.725,0.707,1.1,1.9,0.579,1.1,2.9,4.0,0.3,0.1,0.8,0.9,1.8,6.9,1,0,0,0,0,0,0,0,0,0
71,26,32,31,27.7,7.1,16.4,0.432,1.4,4.7,0.309,5.7,11.8,0.48,0.475,2.8,3.3,0.849,0.9,2.3,3.2,2.8,1.1,0.3,1.6,3.3,18.4,0,0,0,0,0,0,1,0,0,0
244,25,63,15,16.2,2.4,5.4,0.447,0.6,1.6,0.379,1.8,3.7,0.477,0.504,0.9,1.1,0.868,0.4,1.6,1.9,2.4,0.7,0.1,1.1,1.5,6.3,0,0,0,0,1,0,0,0,0,0
