rating,height,weight,draft_year,draft_round,draft_peak,TWITTER_FAVORITE_COUNT,TWITTER_RETWEET_COUNT,TWITTER_FOLLOWER_COUNT_MILLIONS,Experience,Age,bmi,team_salary,position_C,position_C-F,position_F,position_F-C,position_F-G,position_G,position_G-F,country_USA,country_not USA
78,1.91,97.5,2008,1,7,55.0,26.0,2.850071428571429,15.0,35.0,26.72624105698857,6,0,0,0,0,0,1,0,1,0
72,1.91,88.5,2016,0,0,583.257281553398,198.99757281553397,2.850071428571429,7.0,29.0,24.259203420958855,2,0,0,0,0,0,1,0,0,1
72,1.98,95.3,2018,0,0,583.257281553398,198.99757281553397,2.850071428571429,5.0,29.0,24.308744005713702,3,0,0,0,0,0,0,1,1,0
76,1.93,81.6,2018,1,26,583.257281553398,198.99757281553397,2.850071428571429,5.0,26.0,21.90662836586217,6,0,0,0,0,0,1,0,1,0
69,1.96,99.8,2018,0,0,583.257281553398,198.99757281553397,2.850071428571429,5.0,28.0,25.978758850478968,1,0,0,0,0,0,1,0,1,0
90,2.11,112.5,2015,1,1,0.0,105.0,0.281,8.0,28.0,25.26897419195436,6,0,0,0,1,0,0,0,1,0
73,1.93,86.2,2017,1,8,583.257281553398,198.99757281553397,2.850071428571429,6.0,25.0,23.14156084727107,1,0,0,0,0,0,1,0,0,1
76,2.13,104.8,2015,1,9,112.5,29.0,2.850071428571429,8.0,30.0,23.099473208578548,1,0,0,0,1,0,0,0,1,0
70,2.06,112.9,2017,1,26,583.257281553398,198.99757281553397,2.850071428571429,6.0,26.0,26.604769535300218,6,1,0,0,0,0,0,0,1,0
72,1.88,81.6,2015,1,14,38.5,21.0,2.850071428571429,8.0,29.0,23.087369850611136,1,0,0,0,0,0,1,0,1,0
92,1.88,88.5,2012,1,6,186.5,43.0,1.34,11.0,33.0,25.039610683567226,6,0,0,0,0,0,1,0,1,0
76,1.91,90.7,2012,1,10,75.5,23.0,2.850071428571429,11.0,31.0,24.862257065321675,6,0,0,0,0,0,1,0,1,0
73,1.93,86.2,2018,2,42,583.257281553398,198.99757281553397,2.850071428571429,5.0,27.0,23.14156084727107,2,0,0,0,0,0,1,0,1,0
83,2.13,108.9,2017,1,7,583.257281553398,198.99757281553397,2.850071428571429,6.0,26.0,24.00317397341798,2,0,0,0,1,0,0,0,0,1
87,1.83,93.0,2006,1,24,561.0,162.0,0.589,17.0,37.0,27.77031263997133,6,0,0,0,0,0,1,0,1,0
85,2.06,111.6,2007,1,3,136.0,71.0,0.253,16.0,37.0,26.298425864831746,6,0,1,0,0,0,0,0,0,1
83,2.11,106.6,2018,1,2,583.257281553398,198.99757281553397,2.850071428571429,5.0,24.0,23.94375687877631,3,0,0,1,0,0,0,0,1,0
72,1.98,93.0,2017,2,33,583.257281553398,198.99757281553397,2.850071428571429,6.0,29.0,23.72206917661463,4,0,0,1,0,0,0,0,1,0
75,2.03,102.1,2007,1,23,31.5,18.5,2.850071428571429,16.0,36.0,24.776141134218257,6,0,0,0,0,1,0,0,1,0
77,2.11,108.0,2013,1,22,583.257281553398,198.99757281553397,2.850071428571429,10.0,33.0,24.258215224276185,6,0,1,0,0,0,0,0,1,0
77,2.13,102.1,2013,1,5,10.5,6.0,2.850071428571429,10.0,30.0,22.50435319270868,3,1,0,0,0,0,0,0,0,1
77,2.03,97.1,2014,2,39,9.0,3.0,2.850071428571429,9.0,29.0,23.56281394840933,6,0,0,1,0,0,0,0,1,0
73,1.98,88.5,2011,1,12,10.0,15.0,2.850071428571429,12.0,32.0,22.574227119681666,6,0,0,0,0,0,1,0,1,0
74,1.98,90.7,2013,1,25,20.0,13.0,2.850071428571429,10.0,32.0,23.13539434751556,1,0,0,0,0,0,1,0,1,0
69,2.01,93.0,2015,0,0,583.257281553398,198.99757281553397,2.850071428571429,8.0,30.0,23.01923219722285,6,0,0,1,0,0,0,0,1,0
86,1.93,88.5,2010,1,1,0.0,77.0,1.81,13.0,33.0,23.759027087975518,6,0,0,0,0,0,1,0,1,0
73,1.96,84.4,2016,0,0,583.257281553398,198.99757281553397,2.850071428571429,7.0,29.0,21.97001249479384,6,0,0,0,0,0,1,0,1,0
79,1.91,86.2,2008,2,45,62.5,45.0,0.226,15.0,37.0,23.628738247306817,6,0,0,0,0,0,1,0,0,1
81,2.03,104.3,2006,1,8,583.257281553398,198.99757281553397,0.0,17.0,37.0,25.310005095974187,3,0,0,1,0,0,0,0,1,0
95,2.08,100.7,2012,1,1,368.0,104.0,1.22,11.0,30.0,23.27570266272189,6,0,0,0,1,0,0,0,1,0
76,1.93,83.9,2019,1,7,583.257281553398,198.99757281553397,2.850071428571429,4.0,23.0,22.52409460656662,2,0,0,0,0,0,1,0,1,0
70,2.06,112.9,2019,0,0,583.257281553398,198.99757281553397,2.850071428571429,4.0,24.0,26.604769535300218,6,1,0,0,0,0,0,0,1,0
73,2.08,113.4,2016,1,23,583.257281553398,198.99757281553397,2.850071428571429,7.0,26.0,26.211168639053252,6,1,0,0,0,0,0,0,0,1
76,1.98,87.1,2005,1,18,583.257281553398,198.99757281553397,2.850071428571429,18.0,37.0,22.217120701969186,1,0,0,0,0,1,0,0,1,0
72,2.08,94.8,2019,1,19,583.257281553398,198.99757281553397,2.850071428571429,4.0,23.0,21.911982248520708,3,0,0,1,0,0,0,0,0,1
69,2.06,101.6,2017,0,0,583.257281553398,198.99757281553397,2.850071428571429,6.0,30.0,23.94193609199736,1,0,0,0,1,0,0,0,1,0
76,2.13,111.1,2012,1,11,149.0,31.0,2.850071428571429,11.0,31.0,24.48808657894157,6,1,0,0,0,0,0,0,1,0
73,2.06,107.0,2013,0,0,583.257281553398,198.99757281553397,2.850071428571429,10.0,32.0,25.21444056932793,3,0,0,1,0,0,0,0,0,1
72,2.03,104.0,2019,1,16,583.257281553398,198.99757281553397,2.850071428571429,4.0,25.0,25.237205464825653,1,0,0,0,1,0,0,0,1,0
75,1.85,83.9,2009,2,55,583.257281553398,198.99757281553397,2.850071428571429,14.0,35.0,24.514243973703433,3,0,0,0,0,0,1,0,0,1
69,1.96,95.3,2019,2,58,583.257281553398,198.99757281553397,2.850071428571429,4.0,26.0,24.80737192836318,6,0,0,1,0,0,0,0,1,0
83,2.08,102.1,2008,1,6,29.0,6.0,0.711,15.0,35.0,23.599297337278102,6,0,0,1,0,0,0,0,0,1
75,2.06,109.3,2015,1,12,48.0,12.0,2.850071428571429,8.0,28.0,25.756433217079838,3,0,0,1,0,0,0,0,0,1
87,2.11,111.6,2006,1,2,195.0,63.0,0.669,17.0,38.0,25.066822398418726,3,0,0,0,1,0,0,0,1,0
75,1.96,88.9,2017,1,12,583.257281553398,198.99757281553397,2.850071428571429,6.0,27.0,23.141399416909625,2,0,0,0,0,0,1,0,1,0
76,2.03,95.3,2004,2,43,10.0,15.0,2.850071428571429,19.0,38.0,23.12601616151812,6,0,0,0,0,1,0,0,1,0
74,1.91,84.4,2014,0,0,3.0,6.0,2.850071428571429,9.0,31.0,23.135330720100878,6,0,0,0,0,0,1,0,1,0
79,1.96,102.1,2006,2,35,583.257281553398,198.99757281553397,2.850071428571429,17.0,38.0,26.57746772178259,6,0,0,1,0,0,0,0,1,0
74,1.98,95.7,2014,2,40,583.257281553398,198.99757281553397,2.850071428571429,9.0,29.0,24.410774410774412,6,0,0,1,0,0,0,0,1,0
94,1.96,99.8,2009,1,3,969.0,321.5,4.47,14.0,34.0,25.978758850478968,6,0,0,0,0,0,1,0,1,0
77,1.98,88.5,2019,1,6,583.257281553398,198.99757281553397,2.850071428571429,4.0,24.0,22.574227119681666,6,0,0,0,0,0,1,0,1,0
70,2.01,86.2,2019,2,40,583.257281553398,198.99757281553397,2.850071428571429,4.0,26.0,21.336105541942036,3,0,0,0,0,0,1,0,1,0
73,1.96,99.8,2019,1,25,583.257281553398,198.99757281553397,2.850071428571429,4.0,23.0,25.978758850478968,6,0,0,1,0,0,0,0,1,0
75,1.98,94.8,2018,1,10,583.257281553398,198.99757281553397,2.850071428571429,5.0,27.0,24.181205999387817,1,0,0,0,0,1,0,0,1,0
74,1.91,88.5,2017,1,1,583.257281553398,198.99757281553397,2.850071428571429,6.0,25.0,24.259203420958855,4,0,0,0,0,0,1,0,1,0
74,1.98,88.5,2016,0,0,0.0,74.0,2.850071428571429,7.0,26.0,22.574227119681666,6,0,0,1,0,0,0,0,1,0
76,2.08,106.6,2008,1,2,8.0,5.0,0.064,15.0,34.0,24.639423076923073,1,0,0,1,0,0,0,0,1,0
74,2.08,98.0,2015,0,0,583.257281553398,198.99757281553397,2.850071428571429,8.0,28.0,22.65162721893491,2,0,0,1,0,0,0,0,1,0
73,2.03,94.8,2019,1,15,583.257281553398,198.99757281553397,2.850071428571429,4.0,23.0,23.004683442937228,2,0,0,1,0,0,0,0,0,1
72,2.13,98.0,2016,1,10,0.0,39.5,2.850071428571429,7.0,26.0,21.600652427869253,2,0,0,0,1,0,0,0,0,1
82,2.11,115.7,2013,1,12,36.0,99.0,2.850071428571429,10.0,30.0,25.987736124525508,6,1,0,0,0,0,0,0,0,1
75,1.91,89.4,2017,1,11,583.257281553398,198.99757281553397,2.850071428571429,6.0,25.0,24.505907184561828,5,0,0,0,0,0,1,0,1,0
76,2.08,95.7,2011,2,42,583.257281553398,198.99757281553397,2.850071428571429,12.0,31.0,22.1200073964497,6,0,0,1,0,0,0,0,0,1
80,2.03,89.8,2013,1,2,583.257281553398,198.99757281553397,2.850071428571429,10.0,30.0,21.791356257128303,2,0,0,1,0,0,0,0,1,0
77,2.01,102.1,2019,1,4,583.257281553398,198.99757281553397,2.850071428571429,4.0,26.0,25.271651691789813,1,0,0,1,0,0,0,0,1,0
76,1.78,79.4,2006,0,0,583.257281553398,198.99757281553397,2.850071428571429,17.0,39.0,25.059967175861633,6,0,0,0,0,0,1,0,0,1
78,2.08,109.3,2017,2,42,583.257281553398,198.99757281553397,2.850071428571429,6.0,26.0,25.263498520710055,6,0,0,0,1,0,0,0,1,0
83,1.96,101.2,2016,2,36,583.257281553398,198.99757281553397,2.850071428571429,7.0,31.0,26.343190337359438,2,0,0,0,0,0,1,0,1,0
73,1.96,93.9,2016,1,21,583.257281553398,198.99757281553397,2.850071428571429,7.0,29.0,24.44294044148272,1,0,0,1,0,0,0,0,1,0
79,2.01,89.4,2014,1,1,182.0,54.5,2.850071428571429,9.0,28.0,22.128165144427125,6,0,0,1,0,0,0,0,0,1
79,1.85,89.4,2006,0,0,0.0,17.5,2.850071428571429,17.0,29.0,26.12125639152666,6,0,0,0,0,0,1,0,1,0
72,2.11,113.4,2019,1,18,583.257281553398,198.99757281553397,2.850071428571429,4.0,24.0,25.471125985489998,2,1,0,0,0,0,0,0,0,1
71,1.96,94.8,2018,2,37,583.257281553398,198.99757281553397,2.850071428571429,5.0,24.0,24.677217825905874,6,0,0,0,0,0,1,0,1,0
70,2.11,115.7,2012,1,26,11.0,3.0,2.850071428571429,11.0,35.0,25.987736124525508,1,0,0,0,1,0,0,0,1,0
76,2.01,97.5,2018,1,9,583.257281553398,198.99757281553397,2.850071428571429,5.0,24.0,24.1330660132175,1,0,0,1,0,0,0,0,1,0
74,2.11,105.2,2017,1,10,583.257281553398,198.99757281553397,2.850071428571429,6.0,26.0,23.629298533276433,6,1,0,0,0,0,0,0,1,0
70,2.03,106.6,2018,2,48,583.257281553398,198.99757281553397,2.850071428571429,5.0,27.0,25.86813560144629,6,0,0,1,0,0,0,0,1,0
73,1.98,105.2,2005,2,34,583.257281553398,198.99757281553397,2.850071428571429,18.0,36.0,26.83399653096623,1,0,0,0,0,0,0,1,1,0
97,2.06,113.4,2003,1,1,5533.5,1501.5,37.0,20.0,39.0,26.722594023941937,6,0,0,1,0,0,0,0,1,0
74,2.11,103.0,2007,1,9,0.0,87.0,2.850071428571429,16.0,38.0,23.13514970463377,6,1,0,0,0,0,0,0,1,0
73,1.98,93.0,2010,1,2,17.0,13.0,2.850071428571429,13.0,35.0,23.72206917661463,6,0,0,0,0,0,0,1,1,0
78,1.85,78.0,2013,1,17,583.257281553398,198.99757281553397,2.850071428571429,10.0,30.0,22.79035792549306,6,0,0,0,0,0,1,0,0,1
93,2.03,95.3,2010,1,10,228.5,128.0,1.7,13.0,33.0,23.12601616151812,6,0,0,1,0,0,0,0,1,0
96,2.01,102.1,2011,1,15,2701.5,716.5,0.166,12.0,32.0,25.271651691789813,6,0,0,1,0,0,0,0,1,0
72,1.93,93.0,2013,0,0,583.257281553398,198.99757281553397,2.850071428571429,10.0,32.0,24.967113211092915,6,0,0,0,0,0,1,0,1,0
76,2.01,93.4,2013,1,26,10.0,8.0,2.850071428571429,10.0,32.0,23.118239647533485,6,0,0,0,0,0,0,1,1,0
73,2.01,83.9,2016,1,26,583.257281553398,198.99757281553397,2.850071428571429,7.0,26.0,20.766812702655884,6,0,0,1,0,0,0,0,0,1
72,1.93,90.7,2013,0,0,30.0,10.0,2.850071428571429,10.0,32.0,24.34964697038847,6,0,0,0,0,0,1,0,1,0
71,2.18,108.9,2017,0,0,583.257281553398,198.99757281553397,2.850071428571429,6.0,28.0,22.914737816682095,2,1,0,0,0,0,0,0,1,0
87,2.08,108.9,2016,1,1,583.257281553398,198.99757281553397,2.850071428571429,7.0,27.0,25.17104289940828,6,0,0,1,0,0,0,0,0,1
76,1.91,95.3,2012,1,4,0.0,7.0,2.850071428571429,11.0,32.0,26.12318741262575,6,0,0,0,0,0,1,0,1,0
72,1.98,102.1,2007,1,22,31.0,4.0,2.850071428571429,16.0,38.0,26.04326089174574,6,0,0,1,0,0,0,0,1,0
74,1.93,95.3,2016,1,14,23.0,24.0,2.850071428571429,7.0,30.0,25.584579451797364,2,0,0,0,0,0,1,0,1,0
86,1.91,81.6,2009,1,17,0.0,39.0,0.129,14.0,33.0,22.36780790000274,3,0,0,0,0,0,1,0,1,0
73,1.96,104.3,2017,2,46,583.257281553398,198.99757281553397,2.850071428571429,6.0,28.0,27.150145772594755,6,0,0,0,0,0,1,0,1,0
77,2.13,120.2,2016,2,32,5.0,43.0,2.850071428571429,7.0,26.0,26.493861447243717,6,1,0,0,0,0,0,0,0,1
84,2.03,100.2,2017,1,27,583.257281553398,198.99757281553397,2.850071428571429,6.0,28.0,24.315076803610868,6,0,0,1,0,0,0,0,1,0
72,2.08,106.1,2017,1,17,583.257281553398,198.99757281553397,2.850071428571429,6.0,27.0,24.523853550295854,6,0,0,1,0,0,0,0,1,0
69,2.08,109.8,2016,1,18,6.5,5.0,2.850071428571429,7.0,26.0,25.379068047337274,1,0,0,0,1,0,0,0,1,0
88,2.16,108.0,2013,1,27,731.0,225.5,0.195,10.0,31.0,23.148148148148145,6,1,0,0,0,0,0,0,0,1
72,1.93,93.0,2018,1,17,583.257281553398,198.99757281553397,2.850071428571429,5.0,26.0,24.967113211092915,6,0,0,0,0,0,1,0,1,0
88,1.83,78.0,2011,1,9,59.5,32.5,0.336,12.0,33.0,23.291229956104985,4,0,0,0,0,0,1,0,1,0
71,2.08,108.9,2016,2,31,583.257281553398,198.99757281553397,2.850071428571429,7.0,27.0,25.17104289940828,1,0,0,0,1,0,0,0,1,0
87,2.21,99.8,2015,1,4,485.0,214.0,2.850071428571429,8.0,28.0,20.433652054626236,6,0,0,0,1,0,0,0,0,1
72,1.93,98.9,2019,1,30,583.257281553398,198.99757281553397,2.850071428571429,4.0,23.0,26.551048350291286,6,0,0,0,0,0,0,1,1,0
71,1.98,115.7,2019,2,41,583.257281553398,198.99757281553397,2.850071428571429,4.0,27.0,29.51229466380982,6,0,0,1,0,0,0,0,1,0
96,1.96,99.8,2009,1,3,969.0,321.5,4.47,14.0,34.0,25.978758850478968,6,0,0,0,0,0,1,0,1,0
75,2.06,97.5,2018,2,40,583.257281553398,198.99757281553397,2.850071428571429,5.0,25.0,22.975775285135263,6,0,0,1,0,0,0,0,0,1
83,2.03,113.4,2014,1,7,102.0,59.0,0.358,9.0,29.0,27.51826057414643,1,0,0,1,0,0,0,0,1,0
77,2.08,106.1,2014,2,45,0.0,10.0,2.850071428571429,9.0,32.0,24.523853550295854,6,0,0,0,1,0,0,0,0,1
75,2.13,115.7,2008,1,15,583.257281553398,198.99757281553397,2.850071428571429,15.0,35.0,25.50199475412727,6,1,0,0,0,0,0,0,1,0
88,2.06,103.0,2016,1,27,583.257281553398,198.99757281553397,2.850071428571429,7.0,29.0,24.271844660194176,6,0,0,1,0,0,0,0,0,1
76,2.03,94.3,2014,1,23,583.257281553398,198.99757281553397,2.850071428571429,9.0,31.0,22.883350724356337,6,0,0,1,0,0,0,0,1,0
73,2.01,105.2,2017,1,23,583.257281553398,198.99757281553397,2.850071428571429,6.0,26.0,26.038959431697243,6,0,0,0,0,1,0,0,0,1
79,2.13,101.2,2018,2,36,583.257281553398,198.99757281553397,2.850071428571429,5.0,25.0,22.305979854085393,1,1,0,0,0,0,0,0,1,0
80,2.08,118.8,2011,1,3,147.0,195.0,0.489,12.0,31.0,27.459319526627215,4,1,0,0,0,0,0,0,0,1
75,2.24,131.5,2010,0,0,583.257281553398,198.99757281553397,0.0,13.0,35.0,26.207748724489793,6,1,0,0,0,0,0,0,0,1
72,1.96,88.5,2019,1,24,583.257281553398,198.99757281553397,2.850071428571429,4.0,26.0,23.037276134943774,1,0,0,0,0,0,1,0,1,0
72,1.98,107.0,2019,1,22,583.257281553398,198.99757281553397,2.850071428571429,4.0,25.0,27.293133353739414,4,0,0,1,0,0,0,0,1,0
78,2.08,111.6,2015,1,22,37.0,73.0,2.850071428571429,8.0,28.0,25.795118343195263,1,0,0,0,1,0,0,0,1,0
79,2.13,120.2,2008,1,10,583.257281553398,198.99757281553397,0.0,15.0,35.0,26.493861447243717,6,1,0,0,0,0,0,0,1,0
76,1.96,82.1,2015,1,20,11.5,14.0,2.850071428571429,8.0,31.0,21.371303623490213,6,0,0,0,0,0,1,0,1,0
70,2.03,90.7,2019,1,23,583.257281553398,198.99757281553397,2.850071428571429,4.0,23.0,22.00975515057391,6,0,0,1,0,0,0,0,1,0
85,1.85,79.4,2005,1,4,829.0,178.5,6.4,18.0,38.0,23.199415631848066,6,0,0,0,0,0,1,0,1,0
81,2.13,106.6,2010,2,33,194.0,155.0,0.164,13.0,34.0,23.496219885825127,6,1,0,0,0,0,0,0,1,0
79,2.13,122.5,2008,1,18,0.0,32.0,0.193,15.0,35.0,27.000815534836565,6,1,0,0,0,0,0,0,1,0
76,1.75,83.9,2011,2,60,467.5,155.5,0.639,12.0,34.0,27.39591836734694,1,0,0,0,0,0,1,0,1,0
97,2.01,102.1,2011,1,15,2701.5,716.5,0.166,12.0,32.0,25.271651691789813,6,0,0,1,0,0,0,0,1,0
75,1.93,88.5,2012,0,0,583.257281553398,198.99757281553397,2.850071428571429,11.0,34.0,23.759027087975518,3,0,0,0,0,0,1,0,1,0
79,2.13,109.8,2015,1,6,0.0,17.0,2.850071428571429,8.0,30.0,24.201547312041264,6,1,0,0,0,0,0,0,1,0
73,1.83,83.9,2015,1,24,0.0,14.0,2.850071428571429,8.0,27.0,25.05300247842575,2,0,0,0,0,0,1,0,1,0
75,2.03,111.1,2011,1,13,9.0,18.0,2.850071428571429,12.0,34.0,26.960130068674324,6,0,0,1,0,0,0,0,1,0
78,1.93,90.7,2017,1,29,583.257281553398,198.99757281553397,2.850071428571429,6.0,29.0,24.34964697038847,3,0,0,0,0,0,1,0,1,0
78,1.91,81.6,2009,1,5,262.5,76.0,2.23,14.0,33.0,22.36780790000274,1,0,0,0,0,0,1,0,0,1
95,2.13,113.4,2014,1,3,6852.5,2941.0,0.793,9.0,29.0,24.995040666534422,6,1,0,0,0,0,0,0,0,1
71,2.06,111.1,2019,2,34,583.257281553398,198.99757281553397,2.850071428571429,4.0,25.0,26.180601376190026,1,0,0,1,0,0,0,0,0,1
78,1.98,91.6,2019,1,3,583.257281553398,198.99757281553397,2.850071428571429,4.0,23.0,23.364962758902152,1,0,0,0,0,0,1,0,0,1
75,1.85,90.7,2015,0,0,583.257281553398,198.99757281553397,2.850071428571429,8.0,31.0,26.501095690284878,2,0,0,0,0,0,1,0,1,0
74,1.85,81.6,2015,0,0,583.257281553398,198.99757281553397,2.850071428571429,8.0,30.0,23.842220598977352,6,0,0,0,0,0,1,0,1,0
72,2.08,122.5,2014,0,0,583.257281553398,198.99757281553397,2.850071428571429,9.0,31.0,28.314534023668635,2,0,0,1,0,0,0,0,0,1
76,2.06,106.6,2005,2,36,583.257281553398,198.99757281553397,2.850071428571429,18.0,36.0,25.120180978414552,6,0,0,1,0,0,0,0,0,1
70,2.06,99.8,2017,1,24,583.257281553398,198.99757281553397,2.850071428571429,6.0,27.0,23.51776793288717,1,0,0,0,1,0,0,0,1,0
78,1.98,93.0,2014,1,27,583.257281553398,198.99757281553397,2.850071428571429,9.0,31.0,23.72206917661463,3,0,0,0,0,0,1,0,0,1
89,1.98,93.0,2011,1,11,797.0,225.0,2.850071428571429,12.0,33.0,23.72206917661463,6,0,0,0,0,0,1,0,1,0
71,1.91,85.7,2013,1,7,30.0,17.0,2.850071428571429,10.0,30.0,23.49168060086072,6,0,0,0,0,0,1,0,1,0
76,2.08,122.5,2015,1,3,583.257281553398,198.99757281553397,2.850071428571429,8.0,28.0,28.314534023668635,3,1,0,0,0,0,0,0,1,0
75,2.01,89.8,2012,2,32,7.0,8.5,2.850071428571429,11.0,32.0,22.22717259473776,2,0,0,0,0,0,1,0,0,1
70,1.96,91.2,2018,2,35,583.257281553398,198.99757281553397,2.850071428571429,5.0,27.0,23.740108288213246,4,0,0,1,0,0,0,0,1,0
72,2.03,95.3,2019,1,11,583.257281553398,198.99757281553397,2.850071428571429,4.0,27.0,23.12601616151812,1,0,0,1,0,0,0,0,1,0
75,1.98,95.7,2015,1,23,583.257281553398,198.99757281553397,2.850071428571429,8.0,28.0,24.410774410774412,6,0,0,1,0,0,0,0,1,0
77,2.01,99.8,2016,1,12,583.257281553398,198.99757281553397,2.850071428571429,7.0,29.0,24.702358852503657,6,0,0,1,0,0,0,0,1,0
91,2.13,113.4,2014,1,3,6852.5,2941.0,0.793,9.0,29.0,24.995040666534422,6,1,0,0,0,0,0,0,0,1
78,1.96,79.4,2012,2,40,1.0,3.0,2.850071428571429,11.0,32.0,20.668471470220744,6,0,0,0,0,0,1,0,1,0
76,1.91,88.5,2010,1,19,583.257281553398,198.99757281553397,2.850071428571429,13.0,33.0,24.259203420958855,6,0,0,0,0,0,1,0,1,0
70,1.96,102.1,2016,2,58,583.257281553398,198.99757281553397,2.850071428571429,7.0,30.0,26.57746772178259,6,0,0,1,0,0,0,0,0,1
75,1.96,92.5,2017,1,30,583.257281553398,198.99757281553397,2.850071428571429,6.0,28.0,24.078508954602253,3,0,0,0,0,0,1,0,1,0
70,2.08,98.0,2016,1,28,583.257281553398,198.99757281553397,2.850071428571429,7.0,27.0,22.65162721893491,1,0,1,0,0,0,0,0,0,1
96,2.11,109.8,2013,1,15,583.257281553398,198.99757281553397,0.246,10.0,29.0,24.662518811347454,6,0,0,0,0,1,0,0,0,1
76,2.03,108.9,2005,1,2,583.257281553398,198.99757281553397,2.850071428571429,18.0,37.0,26.4262661069184,6,0,0,1,0,0,0,0,1,0
73,1.98,97.5,2018,1,15,583.257281553398,198.99757281553397,2.850071428571429,5.0,24.0,24.869911233547597,6,0,0,0,0,1,0,0,1,0
80,1.96,90.7,2015,2,40,42.0,10.0,2.850071428571429,8.0,30.0,23.60995418575594,6,0,0,0,0,0,1,0,1,0
68,1.91,90.7,2015,2,60,583.257281553398,198.99757281553397,2.850071428571429,8.0,29.0,24.862257065321675,6,0,0,0,0,0,1,0,1,0
74,1.91,86.6,2011,2,55,0.0,10.0,2.850071428571429,12.0,34.0,23.73838436446369,3,0,0,0,0,0,1,0,1,0
80,1.91,86.2,2006,1,11,583.257281553398,198.99757281553397,2.850071428571429,17.0,39.0,23.628738247306817,3,0,0,0,0,0,1,0,1,0
70,1.93,108.9,2014,0,0,583.257281553398,198.99757281553397,2.850071428571429,9.0,32.0,29.235684179441062,6,0,0,0,0,0,1,0,1,0
73,2.08,104.3,2013,2,44,583.257281553398,198.99757281553397,2.850071428571429,10.0,32.0,24.107803254437865,6,0,0,0,1,0,0,0,1,0
74,1.83,80.7,2016,0,0,37.5,9.0,2.850071428571429,7.0,30.0,24.097464839200928,3,0,0,0,0,0,1,0,1,0
75,2.01,107.5,2012,2,43,2.0,1.0,2.850071428571429,11.0,35.0,26.6082522709834,6,0,0,1,0,0,0,0,1,0
79,2.01,94.8,2009,0,0,86.5,4.0,2.850071428571429,14.0,36.0,23.464765723620708,6,0,0,1,0,0,0,0,0,1
76,2.11,115.7,2015,2,35,0.0,55.5,0.055,8.0,29.0,25.987736124525508,5,0,1,0,0,0,0,0,0,1
96,1.96,99.8,2009,1,3,969.0,321.5,4.47,14.0,34.0,25.978758850478968,6,0,0,0,0,0,1,0,1,0
78,1.98,97.5,2014,2,33,0.0,0.0,2.850071428571429,9.0,32.0,24.869911233547597,6,0,0,0,0,0,1,0,1,0
78,1.91,82.1,2009,1,19,17.5,13.5,0.083,14.0,35.0,22.504865546448837,1,0,0,0,0,0,1,0,1,0
73,1.93,96.6,2018,1,20,583.257281553398,198.99757281553397,2.850071428571429,5.0,25.0,25.933582109586833,6,0,0,0,0,0,1,0,0,1
96,2.08,104.3,2007,1,2,1425.5,366.0,16.2,16.0,35.0,24.107803254437865,6,0,0,1,0,0,0,0,1,0
85,2.08,95.7,2014,1,25,120.0,45.5,0.025,9.0,29.0,22.1200073964497,1,1,0,0,0,0,0,0,0,1
72,1.93,89.4,2017,0,0,583.257281553398,198.99757281553397,2.850071428571429,6.0,27.0,24.000644312598997,1,0,0,0,0,0,0,1,1,0
91,2.13,113.4,2014,1,3,6852.5,2941.0,0.793,9.0,29.0,24.995040666534422,6,1,0,0,0,0,0,0,0,1
73,2.03,97.5,2017,2,36,583.257281553398,198.99757281553397,2.850071428571429,6.0,27.0,23.65988012327405,1,0,0,1,0,0,0,0,0,1
71,1.93,84.4,2017,2,52,583.257281553398,198.99757281553397,2.850071428571429,6.0,28.0,22.65832639802411,2,0,0,0,0,0,1,0,1,0
76,2.13,108.4,2013,0,0,583.257281553398,198.99757281553397,0.015,10.0,34.0,23.892966563071706,1,1,0,0,0,0,0,0,1,0
74,2.11,105.2,2017,1,20,583.257281553398,198.99757281553397,2.850071428571429,6.0,25.0,23.629298533276433,3,0,0,0,1,0,0,0,1,0
71,1.96,93.0,2018,2,54,583.257281553398,198.99757281553397,2.850071428571429,5.0,27.0,24.20866305705956,6,1,0,0,0,0,0,0,1,0
72,2.01,102.1,2019,1,12,583.257281553398,198.99757281553397,2.850071428571429,4.0,25.0,25.271651691789813,5,0,0,1,0,0,0,0,1,0
73,2.03,97.5,2019,1,21,583.257281553398,198.99757281553397,2.850071428571429,4.0,27.0,23.65988012327405,2,0,0,1,0,0,0,0,0,1
74,2.06,104.3,2014,1,30,22.0,11.5,2.850071428571429,9.0,30.0,24.578188330662645,2,0,0,1,0,0,0,0,1,0
80,1.91,94.3,2011,1,24,37.0,9.5,2.850071428571429,12.0,33.0,25.84907211973356,6,0,0,0,0,0,1,0,1,0
71,2.08,106.1,2019,2,38,583.257281553398,198.99757281553397,2.850071428571429,4.0,25.0,24.523853550295854,2,0,0,1,0,0,0,0,1,0
84,1.85,79.4,2005,2,45,583.257281553398,198.99757281553397,2.850071428571429,18.0,37.0,23.199415631848066,6,0,0,0,0,0,1,0,1,0
94,2.01,103.0,2018,1,3,583.257281553398,198.99757281553397,2.850071428571429,5.0,24.0,25.494418454988743,6,0,0,0,0,0,0,1,0,1
75,1.93,90.7,2018,0,0,583.257281553398,198.99757281553397,2.850071428571429,5.0,27.0,24.34964697038847,1,0,0,0,0,0,0,1,1,0
72,1.93,98.0,2019,1,14,583.257281553398,198.99757281553397,2.850071428571429,4.0,24.0,26.309431125667803,4,0,0,0,0,0,1,0,1,0
70,2.03,108.9,2018,0,0,583.257281553398,198.99757281553397,2.850071428571429,5.0,27.0,26.4262661069184,1,0,0,0,1,0,0,0,1,0
78,1.93,84.4,2014,2,46,55.5,179.5,2.850071428571429,9.0,31.0,22.65832639802411,6,0,0,0,0,0,1,0,0,1
76,2.08,104.3,2013,1,21,583.257281553398,198.99757281553397,2.850071428571429,10.0,33.0,24.107803254437865,2,1,0,0,0,0,0,0,0,1
73,1.98,99.8,2016,0,0,583.257281553398,198.99757281553397,2.850071428571429,7.0,30.0,25.456586062646668,6,0,0,1,0,0,0,0,1,0
85,1.98,82.1,2014,1,13,178.5,67.0,2.850071428571429,9.0,28.0,20.941740638710336,2,0,0,0,0,0,1,0,1,0
79,2.06,102.1,2011,1,4,368.0,211.0,2.850071428571429,12.0,32.0,24.05976058063908,6,0,0,1,0,0,0,0,0,1
69,1.85,83.9,2018,2,34,583.257281553398,198.99757281553397,2.850071428571429,5.0,28.0,24.514243973703433,5,0,0,0,0,0,1,0,1,0
79,1.93,93.0,2014,1,19,6.0,2.5,2.850071428571429,9.0,29.0,24.967113211092915,6,0,0,0,0,0,1,0,1,0
72,2.01,104.3,2016,2,50,583.257281553398,198.99757281553397,2.850071428571429,7.0,30.0,25.81619266849831,6,0,0,1,0,0,0,0,1,0
78,1.98,93.9,2004,1,9,300.5,43.0,2.850071428571429,19.0,39.0,23.951637588001226,6,0,0,0,0,0,0,1,1,0
73,1.91,86.2,2013,0,0,175.0,30.0,2.850071428571429,10.0,33.0,23.628738247306817,6,0,0,0,0,0,1,0,0,1
86,1.96,93.4,2015,1,13,1170.5,335.5,2.850071428571429,8.0,27.0,24.31278633902541,1,0,0,0,0,0,1,0,1,0
76,1.98,102.1,2018,1,12,583.257281553398,198.99757281553397,2.850071428571429,5.0,25.0,26.04326089174574,5,0,0,1,0,0,0,0,1,0
78,2.01,86.2,2012,1,20,21.0,10.0,2.850071428571429,11.0,31.0,21.336105541942036,4,0,0,0,0,0,1,0,0,1
74,2.06,99.8,2016,1,15,21.0,18.0,2.850071428571429,7.0,28.0,23.51776793288717,6,0,0,1,0,0,0,0,0,1
76,2.01,86.2,2018,1,19,583.257281553398,198.99757281553397,2.850071428571429,5.0,25.0,21.336105541942036,1,0,0,0,0,0,1,0,1,0
73,2.01,86.2,2016,0,0,583.257281553398,198.99757281553397,2.850071428571429,7.0,30.0,21.336105541942036,2,0,0,0,0,0,1,0,1,0
75,2.08,110.2,2015,2,37,25.0,4.0,0.01,8.0,30.0,25.47152366863905,3,0,0,1,0,0,0,0,1,0
95,2.01,102.1,2011,1,15,2701.5,716.5,0.166,12.0,32.0,25.271651691789813,6,0,0,1,0,0,0,0,1,0
72,2.01,82.1,2016,2,38,583.257281553398,198.99757281553397,2.850071428571429,7.0,28.0,20.321279176258017,6,0,0,0,0,0,1,0,1,0
72,1.91,82.1,2018,1,24,583.257281553398,198.99757281553397,2.850071428571429,5.0,24.0,22.504865546448837,6,0,0,0,0,0,1,0,1,0
94,2.01,103.0,2018,1,3,583.257281553398,198.99757281553397,2.850071428571429,5.0,24.0,25.494418454988743,6,0,0,0,0,0,0,1,0,1
89,1.98,93.0,2011,1,11,797.0,225.0,2.850071428571429,12.0,33.0,23.72206917661463,6,0,0,0,0,0,1,0,1,0
73,1.98,88.5,2012,0,0,58.0,40.0,2.850071428571429,11.0,34.0,22.574227119681666,1,0,0,0,0,0,0,1,1,0
88,1.91,86.2,2008,1,4,2130.5,559.0,4.5,15.0,35.0,23.628738247306817,6,0,0,0,0,0,1,0,1,0
71,1.96,109.3,2019,2,42,583.257281553398,198.99757281553397,2.850071428571429,4.0,26.0,28.45168679716785,6,0,0,1,0,0,0,0,1,0
87,1.85,83.9,2007,1,4,257.5,90.0,0.342,16.0,36.0,24.514243973703433,6,0,0,0,0,0,1,0,1,0
73,1.98,99.8,2017,2,40,583.257281553398,198.99757281553397,2.850071428571429,6.0,28.0,25.456586062646668,5,0,0,0,0,0,1,0,1,0
91,1.88,81.6,2011,1,1,1541.0,695.0,3.48,12.0,31.0,23.087369850611136,6,0,0,0,0,0,1,0,0,1
78,2.01,103.0,2015,1,27,583.257281553398,198.99757281553397,2.850071428571429,8.0,30.0,25.494418454988743,6,0,0,1,0,0,0,0,1,0
75,1.96,91.6,2017,2,44,583.257281553398,198.99757281553397,2.850071428571429,6.0,29.0,23.844231570179094,1,0,0,0,0,0,1,0,1,0
77,2.16,108.4,2016,1,9,583.257281553398,198.99757281553397,2.850071428571429,7.0,28.0,23.233882030178325,3,0,1,0,0,0,0,0,0,1
75,2.08,112.0,2014,1,9,23.5,12.0,2.850071428571429,9.0,28.0,25.88757396449704,6,0,0,1,0,0,0,0,1,0
73,1.96,88.5,2019,1,13,583.257281553398,198.99757281553397,2.850071428571429,4.0,23.0,23.037276134943774,6,0,0,0,0,0,1,0,1,0
75,2.01,96.2,2003,2,51,107.5,30.5,2.850071428571429,20.0,42.0,23.811291799707934,6,0,0,1,0,0,0,0,1,0
87,2.01,103.0,2018,1,3,583.257281553398,198.99757281553397,2.850071428571429,5.0,24.0,25.494418454988743,6,0,0,0,0,0,0,1,0,1
95,1.91,83.9,2009,1,7,12278.0,2893.0,9.56,14.0,35.0,22.998273073654783,6,0,0,0,0,0,1,0,1,0
71,2.01,101.2,2014,0,0,583.257281553398,198.99757281553397,2.850071428571429,9.0,30.0,25.048884928590883,2,0,0,1,0,0,0,0,1,0
78,1.85,86.2,2015,1,16,2.0,6.0,2.850071428571429,8.0,29.0,25.18626734842951,5,0,0,0,0,0,1,0,1,0
76,2.03,97.5,2013,0,0,583.257281553398,198.99757281553397,2.850071428571429,10.0,31.0,23.65988012327405,4,1,0,0,0,0,0,0,0,1
82,1.91,103.0,2014,1,6,1.0,9.0,2.850071428571429,9.0,29.0,28.23387516789562,4,0,0,0,0,0,1,0,1,0
95,2.08,104.3,2007,1,2,1425.5,366.0,16.2,16.0,35.0,24.107803254437865,6,0,0,1,0,0,0,0,1,0
70,2.01,91.2,2018,2,50,583.257281553398,198.99757281553397,2.850071428571429,5.0,27.0,22.573698670824985,2,0,0,1,0,0,0,0,1,0
95,2.13,114.8,2014,2,41,0.0,1.0,0.009,9.0,28.0,25.303621415503983,6,1,0,0,0,0,0,0,0,1
77,1.85,79.4,2019,1,5,583.257281553398,198.99757281553397,2.850071428571429,4.0,23.0,23.199415631848066,6,0,0,0,0,0,1,0,1,0
85,2.01,98.4,2012,2,39,16.0,9.0,2.850071428571429,11.0,32.0,24.355832776416435,6,0,0,1,0,0,0,0,1,0
83,2.03,98.0,2011,2,31,583.257281553398,198.99757281553397,2.850071428571429,12.0,34.0,23.78121284185494,6,0,0,0,0,0,0,1,0,1
69,1.96,90.7,2016,2,60,583.257281553398,198.99757281553397,2.850071428571429,7.0,29.0,23.60995418575594,1,0,0,0,0,0,0,1,1,0
74,2.03,99.3,2016,2,33,583.257281553398,198.99757281553397,0.015,7.0,27.0,24.096677910165262,1,0,0,0,1,0,0,0,0,1
68,1.83,81.6,2018,0,0,583.257281553398,198.99757281553397,2.850071428571429,5.0,28.0,24.36620980023291,1,0,0,0,0,0,1,0,1,0
68,2.08,90.7,2018,0,0,583.257281553398,198.99757281553397,2.850071428571429,5.0,26.0,20.964312130177515,6,0,0,1,0,0,0,0,0,1
69,2.01,102.1,2018,0,0,583.257281553398,198.99757281553397,2.850071428571429,5.0,28.0,25.271651691789813,6,0,0,0,0,0,1,0,1,0
71,1.85,90.7,2018,2,32,583.257281553398,198.99757281553397,2.850071428571429,5.0,28.0,26.501095690284878,1,0,0,0,0,0,1,0,1,0
77,2.06,102.1,2009,1,26,52.0,17.0,2.850071428571429,14.0,38.0,24.05976058063908,1,0,0,1,0,0,0,0,1,0
76,1.85,84.4,2006,1,21,185.5,74.0,2.850071428571429,17.0,37.0,24.660336011687363,6,0,0,0,0,0,1,0,1,0
87,2.16,108.0,2013,1,27,731.0,225.5,0.195,10.0,31.0,23.148148148148145,6,1,0,0,0,0,0,0,0,1
86,1.98,104.3,2012,2,35,627.0,168.5,0.911,11.0,33.0,26.604428119579634,6,0,0,1,0,0,0,0,1,0
70,2.03,104.3,2017,0,0,583.257281553398,198.99757281553397,2.850071428571429,6.0,28.0,25.310005095974187,6,0,0,1,0,0,0,0,1,0
88,1.85,79.4,2005,1,4,829.0,178.5,6.4,18.0,38.0,23.199415631848066,6,0,0,0,0,0,1,0,1,0
74,1.91,97.5,2015,2,46,49.0,18.0,2.850071428571429,8.0,30.0,26.72624105698857,6,0,0,0,0,0,1,0,1,0
76,1.91,83.9,2014,1,10,19.0,8.0,0.05,9.0,29.0,22.998273073654783,1,0,0,0,0,0,1,0,1,0
84,1.93,91.2,2016,1,7,0.0,62.5,2.850071428571429,7.0,26.0,24.483878761845958,6,0,0,0,0,0,1,0,0,1
72,2.03,108.9,2007,0,0,11.0,2.0,2.850071428571429,16.0,38.0,26.4262661069184,2,0,0,1,0,0,0,0,1,0
72,1.88,85.7,2011,1,8,583.257281553398,198.99757281553397,2.850071428571429,12.0,32.0,24.247397012222727,2,0,0,0,0,0,1,0,1,0
81,2.03,99.8,2014,1,4,42.5,16.0,2.850071428571429,9.0,28.0,24.218010628746153,4,0,0,1,0,0,0,0,1,0
79,1.98,101.2,2016,1,3,0.0,100.0,2.850071428571429,7.0,27.0,25.813692480359148,4,0,0,1,0,0,0,0,1,0
75,1.83,79.4,2014,1,24,159.0,72.0,2.850071428571429,9.0,32.0,23.70927767326585,6,0,0,0,0,0,1,0,1,0
87,1.98,99.8,2009,1,9,0.0,186.0,0.58,14.0,34.0,25.456586062646668,3,0,0,0,0,0,0,1,1,0
90,2.13,114.8,2014,2,41,0.0,1.0,0.009,9.0,28.0,25.303621415503983,6,1,0,0,0,0,0,0,0,1
82,2.11,120.2,2007,2,48,0.0,75.5,1.1,16.0,38.0,26.998495092203683,6,1,0,0,0,0,0,0,0,1
78,2.06,117.5,2018,1,7,583.257281553398,198.99757281553397,2.850071428571429,5.0,24.0,27.688754830804037,2,1,0,0,0,0,0,0,1,0
78,2.03,106.6,2014,1,2,267.0,125.0,0.281,9.0,28.0,25.86813560144629,3,0,0,1,0,0,0,0,1,0
76,1.96,92.5,2013,1,8,9.0,10.0,2.850071428571429,10.0,30.0,24.078508954602253,6,0,0,0,0,0,1,0,1,0
81,2.11,120.2,2008,2,35,189.5,27.0,0.984,15.0,35.0,26.998495092203683,6,1,0,0,0,0,0,0,1,0
73,1.98,89.8,2013,1,20,583.257281553398,198.99757281553397,2.850071428571429,10.0,32.0,22.905825936128966,2,0,0,1,0,0,0,0,1,0
72,1.88,86.2,2018,2,46,583.257281553398,198.99757281553397,2.850071428571429,5.0,25.0,24.38886373924853,2,0,0,0,0,0,1,0,1,0
70,1.93,106.1,2019,2,46,583.257281553398,198.99757281553397,2.850071428571429,4.0,23.0,28.483986147279122,6,0,0,0,0,0,1,0,1,0
73,2.11,104.3,2005,1,28,10.0,5.0,2.850071428571429,18.0,37.0,23.4271467397408,6,1,0,0,0,0,0,0,0,1
77,2.13,104.3,2013,1,4,90.0,29.0,2.850071428571429,10.0,31.0,22.989265798232275,5,0,1,0,0,0,0,0,1,0
75,1.96,90.7,2007,1,18,0.0,15.0,2.850071428571429,16.0,37.0,23.60995418575594,3,0,0,0,0,0,1,0,0,1
84,1.93,96.2,2016,1,6,512.0,333.0,2.850071428571429,7.0,30.0,25.826196676420846,3,0,0,0,0,0,1,0,0,1
77,2.08,101.6,2010,2,35,583.257281553398,198.99757281553397,2.850071428571429,13.0,35.0,23.483727810650883,3,0,0,0,0,1,0,0,0,1
79,1.96,81.6,2012,1,12,583.257281553398,198.99757281553397,0.055,11.0,31.0,21.241149521032902,2,0,0,0,0,0,1,0,1,0
74,2.06,108.9,2012,2,49,0.0,7.0,0.024,11.0,33.0,25.662173626166464,6,0,0,0,1,0,0,0,1,0
74,2.03,101.6,2017,2,38,583.257281553398,198.99757281553397,2.850071428571429,6.0,28.0,24.654808415637365,6,0,0,0,1,0,0,0,1,0
69,1.98,102.1,2018,0,0,583.257281553398,198.99757281553397,2.850071428571429,5.0,29.0,26.04326089174574,4,0,0,1,0,0,0,0,1,0
71,1.8,86.2,2017,2,34,583.257281553398,198.99757281553397,2.850071428571429,6.0,29.0,26.604938271604937,6,0,0,0,0,0,1,0,1,0
74,2.01,94.3,2012,1,15,583.257281553398,198.99757281553397,2.850071428571429,11.0,30.0,23.341006410732412,1,0,0,1,0,0,0,0,1,0
76,1.98,106.6,2012,2,34,55.0,47.0,2.850071428571429,11.0,33.0,27.191102948678704,6,0,0,1,0,0,0,0,1,0
87,2.06,103.0,2016,1,27,583.257281553398,198.99757281553397,2.850071428571429,7.0,29.0,24.271844660194176,6,0,0,1,0,0,0,0,0,1
71,1.91,86.2,2018,2,31,583.257281553398,198.99757281553397,2.850071428571429,5.0,26.0,23.628738247306817,1,0,0,0,0,0,1,0,0,1
79,2.03,99.8,2007,1,12,0.0,1.5,2.850071428571429,16.0,35.0,24.218010628746153,2,0,0,1,0,0,0,0,1,0
72,1.91,93.0,2018,1,16,583.257281553398,198.99757281553397,2.850071428571429,5.0,24.0,25.492722238973712,6,0,0,0,0,0,0,1,1,0
83,2.03,117.9,2008,1,5,866.5,194.5,2.55,15.0,35.0,28.610255041374465,6,0,0,1,0,0,0,0,1,0
76,2.08,97.5,2018,1,14,583.257281553398,198.99757281553397,2.850071428571429,5.0,25.0,22.53605769230769,6,0,0,1,0,0,0,0,1,0
76,2.03,106.6,2007,1,5,57.5,28.5,2.850071428571429,16.0,37.0,25.86813560144629,6,0,0,1,0,0,0,0,1,0
77,2.08,98.0,2014,1,12,583.257281553398,198.99757281553397,2.850071428571429,9.0,29.0,22.65162721893491,1,0,0,1,0,0,0,0,0,1
73,2.01,96.6,2016,0,0,583.257281553398,198.99757281553397,2.850071428571429,7.0,30.0,23.910299250018568,6,0,0,1,0,0,0,0,1,0
95,1.91,83.9,2009,1,7,12278.0,2893.0,9.56,14.0,35.0,22.998273073654783,6,0,0,0,0,0,1,0,1,0
85,2.03,102.5,2011,1,19,2.0,4.0,0.022,12.0,31.0,24.873207309082975,6,0,0,1,0,0,0,0,1,0
73,1.93,102.5,2015,0,0,583.257281553398,198.99757281553397,2.850071428571429,8.0,30.0,27.517517248785204,6,0,0,1,0,0,0,0,1,0
82,2.11,113.4,2018,1,1,583.257281553398,198.99757281553397,2.850071428571429,5.0,25.0,25.471125985489998,1,1,0,0,0,0,0,0,0,1
77,1.98,94.8,2009,2,46,0.0,15.0,2.850071428571429,14.0,36.0,24.181205999387817,6,0,0,0,0,0,1,0,1,0
69,1.91,95.3,2018,2,38,583.257281553398,198.99757281553397,2.850071428571429,5.0,27.0,26.12318741262575,2,0,0,0,0,0,1,0,1,0
88,1.85,95.7,2017,1,13,583.257281553398,198.99757281553397,2.850071428571429,6.0,27.0,27.962016070124175,6,0,0,0,0,0,1,0,1,0
74,1.96,97.5,2015,2,41,583.257281553398,198.99757281553397,2.850071428571429,8.0,30.0,25.380049979175347,6,0,0,0,0,0,1,0,1,0
73,1.96,92.5,2018,1,18,583.257281553398,198.99757281553397,2.850071428571429,5.0,25.0,24.078508954602253,3,0,0,0,0,0,1,0,1,0
74,2.06,90.7,2011,2,38,59.0,16.0,2.850071428571429,12.0,35.0,21.373362239607882,1,0,0,1,0,0,0,0,1,0
72,1.96,83.5,2013,1,11,0.0,5.0,2.850071428571429,10.0,32.0,21.73573511037068,4,0,0,0,0,0,1,0,1,0
96,2.08,104.3,2007,1,2,1425.5,366.0,16.2,16.0,35.0,24.107803254437865,6,0,0,1,0,0,0,0,1,0
80,2.01,94.8,2013,0,0,38.0,15.0,2.850071428571429,10.0,33.0,23.464765723620708,6,0,0,1,0,0,0,0,1,0
79,1.98,93.4,2012,1,8,0.0,0.0,2.850071428571429,11.0,32.0,23.82409958167534,4,0,0,0,0,0,1,0,1,0
81,2.01,88.9,2016,1,2,194.0,100.0,2.850071428571429,7.0,26.0,22.00440583153883,3,0,0,1,0,0,0,0,1,0
80,2.06,111.6,2010,1,3,25.0,6.5,2.850071428571429,13.0,32.0,26.298425864831746,3,0,0,1,0,0,0,0,1,0
74,2.03,102.1,2019,1,9,583.257281553398,198.99757281553397,2.850071428571429,4.0,25.0,24.776141134218257,6,0,0,1,0,0,0,0,0,1
70,2.08,112.5,2017,1,28,583.257281553398,198.99757281553397,2.850071428571429,6.0,25.0,26.00314349112426,6,0,0,0,1,0,0,0,1,0
87,2.21,99.8,2015,1,4,485.0,214.0,2.850071428571429,8.0,28.0,20.433652054626236,6,0,0,0,1,0,0,0,0,1
69,1.96,97.5,2019,2,48,583.257281553398,198.99757281553397,2.850071428571429,4.0,27.0,25.380049979175347,6,0,0,0,0,0,1,0,1,0
87,1.91,93.9,2012,1,3,55.5,40.5,0.276,11.0,30.0,25.739426002576685,6,0,0,0,0,0,1,0,1,0
90,1.91,86.2,2008,1,4,2130.5,559.0,4.5,15.0,35.0,23.628738247306817,6,0,0,0,0,0,1,0,1,0
78,1.98,86.6,2016,1,20,0.0,28.0,2.850071428571429,7.0,29.0,22.0895826956433,6,0,0,0,0,0,1,0,1,0
96,1.91,83.9,2009,1,7,12278.0,2893.0,9.56,14.0,35.0,22.998273073654783,6,0,0,0,0,0,1,0,1,0
77,2.06,97.5,2010,1,13,583.257281553398,198.99757281553397,2.850071428571429,13.0,34.0,22.975775285135263,6,0,0,1,0,0,0,0,1,0
96,2.06,113.4,2003,1,1,5533.5,1501.5,37.0,20.0,39.0,26.722594023941937,6,0,0,1,0,0,0,0,1,0
79,2.06,110.2,2017,1,14,583.257281553398,198.99757281553397,2.850071428571429,6.0,26.0,25.968517296634936,6,0,0,0,1,0,0,0,1,0
75,2.03,94.8,2016,2,47,583.257281553398,198.99757281553397,2.850071428571429,7.0,29.0,23.004683442937228,6,0,0,1,0,0,0,0,1,0
72,1.85,77.1,2013,2,47,583.257281553398,198.99757281553397,2.850071428571429,10.0,31.0,22.52739225712198,6,0,0,0,0,0,1,0,0,1
72,1.93,93.0,2018,1,21,583.257281553398,198.99757281553397,2.850071428571429,5.0,28.0,24.967113211092915,2,0,0,0,0,0,1,0,1,0
75,1.91,81.6,2008,1,26,33.5,3.0,0.244,15.0,37.0,22.36780790000274,6,0,0,0,0,0,1,0,1,0
89,2.11,112.5,2015,1,1,0.0,105.0,0.281,8.0,28.0,25.26897419195436,6,0,0,0,1,0,0,0,1,0
85,2.03,92.5,2017,1,3,583.257281553398,198.99757281553397,2.850071428571429,6.0,25.0,22.44655293746512,4,0,0,1,0,0,0,0,1,0
75,2.03,103.9,2011,1,7,583.257281553398,198.99757281553397,2.850071428571429,12.0,31.0,25.212938921109476,5,1,0,0,0,0,0,0,0,1
88,2.06,114.3,2009,1,1,269.0,98.5,4.19,14.0,34.0,26.93467810349703,2,0,0,1,0,0,0,0,1,0
71,2.06,88.5,2018,1,29,583.257281553398,198.99757281553397,2.850071428571429,5.0,24.0,20.854934489584316,6,0,0,1,0,0,0,0,0,1
76,1.85,86.2,2018,2,33,583.257281553398,198.99757281553397,2.850071428571429,5.0,27.0,25.18626734842951,6,0,0,0,0,0,1,0,1,0
71,1.96,99.3,2015,0,0,583.257281553398,198.99757281553397,2.850071428571429,8.0,30.0,25.84860474802166,1,0,0,0,0,0,1,0,1,0
97,2.06,113.4,2003,1,1,5533.5,1501.5,37.0,20.0,39.0,26.722594023941937,6,0,0,1,0,0,0,0,1,0
79,1.96,81.6,2018,1,11,583.257281553398,198.99757281553397,2.850071428571429,5.0,25.0,21.241149521032902,6,0,0,0,0,0,1,0,0,1
77,1.96,90.3,2013,1,24,583.257281553398,198.99757281553397,2.850071428571429,10.0,31.0,23.505830903790088,6,0,0,0,0,0,1,0,1,0
73,1.96,88.5,2009,0,0,2.0,1.0,2.850071428571429,14.0,37.0,23.037276134943774,6,0,0,0,0,0,0,1,1,0
72,1.85,91.6,2014,0,0,14.5,2.0,2.850071428571429,9.0,32.0,26.764061358655947,2,0,0,0,0,0,1,0,1,0
74,2.01,97.5,2014,0,0,583.257281553398,198.99757281553397,2.850071428571429,9.0,33.0,24.1330660132175,6,0,0,0,0,0,1,0,1,0
79,1.91,78.9,2019,1,2,583.257281553398,198.99757281553397,2.850071428571429,4.0,24.0,21.62769660919383,2,0,0,0,0,0,1,0,1,0
86,2.08,122.5,2010,1,5,102.0,91.5,0.826,13.0,33.0,28.314534023668635,1,1,0,0,0,0,0,0,1,0
82,2.11,108.4,2015,1,11,53.0,31.0,2.850071428571429,8.0,27.0,24.34806046584758,2,0,0,0,1,0,0,0,1,0
77,1.88,79.4,2017,2,51,583.257281553398,198.99757281553397,2.850071428571429,6.0,28.0,22.464916251697606,6,0,0,0,0,0,1,0,1,0
79,2.11,106.1,2017,1,22,583.257281553398,198.99757281553397,2.850071428571429,6.0,25.0,23.831450326812067,6,1,0,0,0,0,0,0,1,0
83,2.13,131.5,2014,1,16,45.0,43.5,0.031,9.0,29.0,28.984548921069457,6,1,0,0,0,0,0,0,0,1
76,1.8,81.6,2008,1,9,583.257281553398,198.99757281553397,2.850071428571429,15.0,36.0,25.185185185185183,4,0,0,0,0,0,1,0,1,0
73,1.98,109.8,2015,1,8,0.0,19.0,2.850071428571429,8.0,27.0,28.00734618916437,6,0,0,1,0,0,0,0,1,0
74,2.06,94.8,2014,0,0,583.257281553398,198.99757281553397,2.850071428571429,9.0,31.0,22.339523046469978,4,1,0,0,0,0,0,0,0,1
72,1.96,90.7,2008,1,22,2.0,1.0,2.850071428571429,15.0,38.0,23.60995418575594,6,0,0,0,0,0,0,1,1,0
77,2.13,102.1,2018,1,6,583.257281553398,198.99757281553397,2.850071428571429,5.0,25.0,22.50435319270868,4,1,0,0,0,0,0,0,1,0
75,2.08,117.9,2009,0,0,583.257281553398,198.99757281553397,2.850071428571429,14.0,37.0,27.251294378698223,1,1,0,0,0,0,0,0,0,1
79,2.03,95.3,2012,1,7,88.5,28.5,0.597,11.0,31.0,23.12601616151812,3,0,0,1,0,0,0,0,1,0
71,2.11,108.9,2018,1,25,583.257281553398,198.99757281553397,2.850071428571429,5.0,26.0,24.460367017811823,6,0,0,1,0,0,0,0,0,1
87,1.93,96.6,2013,1,2,78.0,28.0,2.850071428571429,10.0,31.0,25.933582109586833,2,0,0,0,0,0,1,0,1,0
73,1.83,79.4,2010,0,0,583.257281553398,198.99757281553397,2.850071428571429,13.0,35.0,23.70927767326585,6,0,0,0,0,0,1,0,1,0
75,1.93,90.7,2009,1,28,18.0,12.0,2.850071428571429,14.0,36.0,24.34964697038847,1,0,0,0,0,0,1,0,1,0
88,1.91,93.9,2012,1,3,55.5,40.5,0.276,11.0,30.0,25.739426002576685,6,0,0,0,0,0,1,0,1,0
78,2.03,99.8,2012,0,0,583.257281553398,198.99757281553397,2.850071428571429,11.0,33.0,24.218010628746153,6,0,0,1,0,0,0,0,1,0
72,1.96,91.2,2019,1,20,583.257281553398,198.99757281553397,2.850071428571429,4.0,26.0,23.740108288213246,6,0,0,0,0,0,0,1,1,0
74,1.88,81.6,2013,0,0,30.5,35.0,2.850071428571429,10.0,33.0,23.087369850611136,6,0,0,0,0,0,1,0,1,0
73,1.96,95.3,2016,0,0,0.0,3.0,2.850071428571429,7.0,30.0,24.80737192836318,6,0,0,0,0,0,1,0,1,0
77,1.85,86.2,2018,1,8,583.257281553398,198.99757281553397,2.850071428571429,5.0,24.0,25.18626734842951,6,0,0,0,0,0,1,0,1,0
72,1.98,102.1,2012,2,46,583.257281553398,198.99757281553397,2.850071428571429,11.0,33.0,26.04326089174574,3,0,0,1,0,0,0,0,1,0
79,1.98,86.2,2017,1,2,583.257281553398,198.99757281553397,2.850071428571429,6.0,26.0,21.987552290582595,3,0,0,0,0,0,1,0,1,0
78,1.98,100.7,2015,1,10,88.5,33.5,2.850071428571429,8.0,27.0,25.686154474033263,2,0,0,1,0,0,0,0,1,0
85,1.83,93.0,2006,1,24,561.0,162.0,0.589,17.0,37.0,27.77031263997133,6,0,0,0,0,0,1,0,1,0
89,2.01,99.8,2011,1,30,89.5,30.0,0.469,12.0,34.0,24.702358852503657,6,0,0,0,0,0,1,0,1,0
77,2.03,97.5,2010,1,8,33.0,9.0,2.850071428571429,13.0,33.0,23.65988012327405,4,0,0,1,0,0,0,0,0,1
79,1.85,81.6,2009,2,42,214.5,51.0,2.850071428571429,14.0,35.0,23.842220598977352,6,0,0,0,0,0,1,0,1,0
82,2.11,110.0,2018,1,4,583.257281553398,198.99757281553397,2.850071428571429,5.0,24.0,24.70744143213315,2,0,0,0,1,0,0,0,1,0
78,2.11,106.1,2013,1,13,56.5,16.0,2.850071428571429,10.0,32.0,23.831450326812067,6,1,0,0,0,0,0,0,0,1
76,1.98,105.2,2012,1,2,29.0,11.0,2.850071428571429,11.0,30.0,26.83399653096623,6,0,0,1,0,0,0,0,1,0
75,2.01,111.1,2009,1,16,13.0,7.0,0.0,14.0,36.0,27.49931932377912,6,0,0,1,0,0,0,0,1,0
81,2.11,104.8,2016,1,11,0.0,82.0,2.850071428571429,7.0,27.0,23.53945329170504,2,0,0,0,1,0,0,0,0,1
75,1.88,84.8,2016,0,0,583.257281553398,198.99757281553397,2.850071428571429,7.0,30.0,23.99275690357628,3,0,0,0,0,0,1,0,1,0
68,2.13,113.4,2017,2,43,583.257281553398,198.99757281553397,2.850071428571429,6.0,25.0,24.995040666534422,1,0,0,0,1,0,0,0,0,1
