Rk,Age,G,GS,MP,FG,FGA,FG%,3P,3PA,3P%,2P,2PA,2P%,eFG%,FT,FTA,FT%,ORB,DRB,TRB,AST,STL,BLK,TOV,PF,PTS,salary,Pos_C,Pos_PF,Pos_PG,Pos_SF,Pos_SG
2,28,7,5,16.3,1.3,3.0,0.429,0.0,0.0,0.0,1.3,3.0,0.429,0.429,0.9,1.6,0.545,2.1,4.3,6.4,2.1,0.1,0.1,0.6,1.7,3.4,0.6392405304488076,1,0,0,0,0
3,24,18,18,34.1,5.8,9.7,0.594,0.0,0.1,0.0,5.8,9.7,0.598,0.594,3.2,4.2,0.763,2.1,5.9,8.0,2.7,1.0,0.7,2.1,3.1,14.8,0.07791789842265869,1,0,0,0,0
4,23,1,0,5.0,2.0,2.0,1.0,0.0,0.0,0.0,2.0,2.0,1.0,1.0,1.0,1.0,1.0,0.0,1.0,1.0,1.0,1.0,0.0,0.0,0.0,5.0,0.06565177745178884,0,0,0,0,1
5,26,12,5,25.4,3.1,6.8,0.451,1.6,4.0,0.396,1.5,2.8,0.529,0.567,0.6,0.9,0.636,0.4,2.5,2.9,1.3,0.7,0.3,0.8,1.8,8.3,0.052227339931057604,0,0,0,0,1
7,28,12,1,18.4,2.4,4.3,0.569,0.3,1.0,0.25,2.2,3.3,0.667,0.598,0.9,1.5,0.611,0.8,3.5,4.3,1.8,0.9,0.6,0.8,1.8,6.0,0.21879551626193702,0,1,0,0,0
8,27,12,12,37.3,11.7,23.8,0.491,0.8,3.4,0.22,10.9,20.3,0.537,0.507,7.6,11.2,0.679,2.2,12.0,14.2,6.8,0.7,1.3,4.5,3.6,31.7,0.6392405304488076,0,1,0,0,0
9,29,8,0,2.5,0.3,0.4,0.667,0.0,0.0,0.0,0.3,0.4,0.667,0.667,0.1,0.4,0.333,0.1,0.4,0.5,0.1,0.1,0.0,0.0,0.5,0.6,0.027564148046895273,0,0,0,1,0
10,24,6,6,36.2,6.5,13.7,0.476,2.3,6.8,0.341,4.2,6.8,0.61,0.561,2.0,2.7,0.75,1.2,2.8,4.0,2.5,1.0,0.2,1.7,3.0,17.3,0.04852674420033161,0,0,0,1,0
11,23,13,13,30.5,8.1,12.6,0.64,0.2,0.3,0.5,7.9,12.3,0.644,0.646,1.6,2.5,0.636,2.5,6.4,8.9,1.7,0.4,0.8,1.5,2.6,17.9,0.23107743245848678,1,0,0,0,0
15,31,5,5,34.4,5.4,13.2,0.409,2.2,5.6,0.393,3.2,7.6,0.421,0.492,0.8,1.2,0.667,1.0,4.6,5.6,2.8,0.8,0.2,2.0,2.2,13.8,0.311654795593483,0,0,0,0,1
17,25,6,0,19.8,3.2,7.3,0.432,1.3,4.2,0.32,1.8,3.2,0.579,0.523,0.8,1.0,0.833,0.3,3.0,3.3,0.7,0.3,0.2,1.2,1.5,8.5,0.059806867011972034,0,0,0,0,1
18,29,18,0,10.7,1.2,3.1,0.4,1.1,2.8,0.373,0.2,0.2,0.75,0.573,0.6,0.7,0.833,0.2,1.2,1.4,0.3,0.4,0.1,0.2,1.4,4.1,0.16682044864959597,0,1,0,0,0
19,33,6,6,32.3,3.5,8.2,0.429,1.5,4.3,0.346,2.0,3.8,0.522,0.52,2.5,3.7,0.682,0.7,2.5,3.2,4.8,1.2,1.2,2.0,4.7,11.0,0.30084619787606864,0,0,1,0,0
20,29,6,4,10.5,1.3,2.7,0.5,0.3,0.7,0.5,1.0,2.0,0.5,0.563,0.0,0.0,0.0,0.7,0.8,1.5,0.5,0.2,0.2,0.5,2.2,3.0,0.06653330147544959,1,0,0,0,0
21,29,9,0,9.6,1.2,1.9,0.647,0.0,0.0,0.0,1.2,1.9,0.647,0.647,0.3,0.7,0.5,0.9,1.2,2.1,0.6,0.1,0.2,0.7,1.4,2.8,0.4175383165849619,1,0,0,0,0
22,33,15,0,10.0,1.2,2.3,0.529,0.2,0.5,0.375,1.0,1.7,0.577,0.574,0.3,0.5,0.571,0.4,1.7,2.1,1.1,0.3,0.1,0.5,1.4,2.9,0.16243288596072708,1,0,0,0,0
23,29,4,0,26.8,5.0,12.3,0.408,2.3,6.5,0.346,2.8,5.8,0.478,0.5,2.0,2.5,0.8,1.0,3.8,4.8,3.0,0.3,0.3,1.0,3.0,14.3,0.20516488836661573,0,0,0,0,1
24,32,6,6,35.7,6.5,13.5,0.481,1.8,5.5,0.333,4.7,8.0,0.583,0.549,3.2,4.0,0.792,0.5,3.7,4.2,1.7,0.3,0.0,2.0,4.0,18.0,0.4175383165849619,0,1,0,0,0
25,22,1,0,3.0,0.0,0.0,0.0,0.0,0.0,0.0,0.0,0.0,0.0,0.0,2.0,2.0,1.0,0.0,1.0,1.0,0.0,0.0,0.0,0.0,1.0,2.0,0.02684095235683571,0,0,0,1,0
26,25,10,10,36.6,7.9,17.5,0.451,2.8,6.5,0.431,5.1,11.0,0.464,0.531,4.7,5.3,0.887,1.0,3.8,4.8,4.4,0.5,0.4,3.2,2.5,23.3,0.6754016437564858,0,0,0,0,1
27,29,6,0,21.7,4.3,7.0,0.619,1.0,2.5,0.4,3.3,4.5,0.741,0.69,1.5,1.7,0.9,2.0,3.8,5.8,0.2,0.2,1.2,0.3,2.2,11.2,0.03113773010572522,0,1,0,0,0
28,24,2,0,4.0,2.5,2.5,1.0,0.0,0.0,0.0,2.5,2.5,1.0,1.0,0.0,0.0,0.0,0.0,2.0,2.0,0.5,0.0,0.0,0.0,0.0,5.0,0.04051781262700427,1,0,0,0,0
29,25,13,13,38.5,5.1,10.6,0.478,1.0,2.5,0.394,4.1,8.1,0.505,0.525,2.2,2.3,0.933,0.9,3.8,4.7,2.8,1.1,1.0,0.8,2.4,13.3,0.09564164594274557,0,0,0,1,0
31,26,11,11,30.5,5.5,15.6,0.349,2.3,6.5,0.347,3.2,9.1,0.35,0.422,1.5,2.3,0.64,0.7,2.0,2.7,2.7,1.0,0.3,2.0,3.3,14.6,0.03189712945591465,0,0,0,1,0
32,25,4,4,34.8,5.3,9.3,0.568,1.5,3.5,0.429,3.8,5.8,0.652,0.649,2.0,2.5,0.8,1.5,3.3,4.8,2.8,1.3,0.8,2.3,4.0,14.0,0.02684095235683571,0,0,0,1,0
33,25,24,24,38.3,8.2,17.5,0.47,2.5,6.7,0.373,5.7,10.8,0.531,0.542,4.2,5.5,0.763,1.4,5.5,6.9,3.5,1.1,0.4,3.1,3.0,23.1,0.15515778051505977,0,0,0,1,0
34,26,9,0,2.9,0.3,1.1,0.3,0.0,0.4,0.0,0.3,0.7,0.5,0.3,0.6,0.8,0.714,0.1,0.8,0.9,0.3,0.4,0.2,0.3,0.0,1.2,0.03189712945591465,0,0,0,0,1
36,25,18,18,34.9,8.1,17.3,0.466,1.4,4.2,0.347,6.6,13.1,0.504,0.508,4.0,5.0,0.8,0.8,3.8,4.6,3.7,0.8,0.1,1.1,2.1,21.6,0.02684095235683571,0,0,1,0,0
37,30,18,18,39.3,3.4,8.4,0.404,2.9,7.3,0.397,0.5,1.1,0.45,0.576,0.9,1.0,0.889,0.4,4.1,4.6,1.7,1.2,0.1,0.4,2.7,10.6,0.09160508826898618,0,0,0,1,0
40,32,17,17,37.0,9.8,19.3,0.506,1.4,4.0,0.338,8.4,15.3,0.55,0.541,6.5,7.8,0.841,2.4,4.9,7.4,4.6,2.1,0.6,1.5,1.5,27.4,0.812218384288815,0,0,0,1,0
43,27,2,2,20.0,1.0,3.0,0.333,0.0,0.0,0.0,1.0,3.0,0.333,0.333,0.0,0.0,0.0,2.0,5.5,7.5,0.0,0.5,0.5,0.5,1.0,2.0,0.41494469038474413,1,0,0,0,0
44,26,11,0,11.5,0.8,1.7,0.474,0.3,0.6,0.429,0.5,1.1,0.5,0.553,0.2,0.2,1.0,0.3,1.2,1.5,0.9,0.7,0.0,0.5,1.1,2.1,0.02684095235683571,0,0,1,0,0
45,27,4,4,28.3,2.3,5.8,0.391,1.8,4.5,0.389,0.5,1.3,0.4,0.543,0.0,0.0,0.0,0.5,2.3,2.8,4.3,1.3,1.0,0.3,2.8,6.3,0.06026535477706543,0,0,0,0,1
47,25,12,0,24.7,4.7,7.6,0.615,0.0,0.1,0.0,4.7,7.5,0.622,0.615,3.0,4.5,0.667,3.1,3.8,6.9,2.0,0.8,0.8,1.0,1.9,12.3,0.05346688907013006,0,1,0,0,0
48,29,6,0,28.3,6.7,12.2,0.548,1.5,4.0,0.375,5.2,8.2,0.633,0.61,2.7,3.0,0.889,0.8,2.3,3.2,1.3,0.5,0.2,1.7,2.8,17.5,0.32822007613298776,0,0,0,0,1
50,24,5,4,24.4,3.8,7.8,0.487,0.8,2.2,0.364,3.0,5.6,0.536,0.538,1.0,2.0,0.5,0.4,4.2,4.6,1.2,0.4,0.2,1.0,2.4,9.4,0.058674800622883466,0,1,0,0,0
51,34,6,6,29.0,3.2,9.5,0.333,0.8,4.2,0.2,2.3,5.3,0.438,0.377,2.0,2.5,0.8,0.3,2.8,3.2,4.8,0.8,0.3,2.2,3.2,9.2,0.8064424212626805,0,0,1,0,0
52,29,12,0,26.5,3.5,7.3,0.477,2.1,5.3,0.391,1.4,2.0,0.708,0.619,0.4,0.4,1.0,0.3,4.0,4.3,0.9,0.4,0.3,0.6,1.2,9.5,0.03451788332944303,0,0,0,0,1
53,31,5,0,11.4,3.8,5.8,0.655,0.8,1.2,0.667,3.0,4.6,0.652,0.724,2.2,3.0,0.733,0.6,2.8,3.4,1.2,0.6,0.2,1.4,1.8,10.6,0.07906919487221788,1,0,0,0,0
54,31,9,0,7.7,0.9,2.4,0.364,0.3,1.1,0.3,0.6,1.3,0.417,0.432,0.1,0.2,0.5,0.6,1.1,1.7,0.6,0.4,0.2,0.4,0.7,2.2,0.04146151468191299,0,0,0,1,0
55,31,13,13,29.5,3.2,8.1,0.4,1.5,4.8,0.302,1.8,3.2,0.548,0.49,1.5,2.0,0.731,0.6,4.1,4.7,2.4,1.0,0.5,1.5,3.6,9.4,0.18726731814868927,0,1,0,0,0
56,22,3,0,7.3,1.0,3.3,0.3,0.0,0.7,0.0,1.0,2.7,0.375,0.3,0.3,0.7,0.5,0.7,1.7,2.3,0.3,0.7,0.0,0.7,1.3,2.3,0.1370762836692159,0,0,0,0,1
57,31,4,4,33.0,5.5,9.8,0.564,3.0,5.8,0.522,2.5,4.0,0.625,0.718,0.5,0.8,0.667,0.5,2.0,2.5,3.0,0.3,0.8,0.8,3.8,14.5,0.17838806964039788,0,0,0,0,1
58,33,22,18,34.7,9.2,20.0,0.459,4.1,10.4,0.397,5.0,9.6,0.526,0.563,4.9,5.9,0.829,0.5,4.7,5.2,5.9,1.3,0.4,2.6,2.7,27.4,1.0,0,0,1,0,0
59,32,14,0,9.9,1.5,3.2,0.467,0.1,0.7,0.1,1.4,2.5,0.571,0.478,0.7,0.9,0.833,1.1,1.9,3.0,0.4,0.1,0.2,0.5,2.6,3.8,0.32560844838985226,1,0,0,0,0
60,32,5,5,40.6,7.8,19.0,0.411,0.0,1.8,0.0,7.8,17.2,0.453,0.411,5.2,6.0,0.867,0.2,5.2,5.4,4.8,1.8,0.4,2.2,2.4,20.8,0.6868086799528752,0,1,0,0,0
61,32,2,0,5.0,0.5,1.0,0.5,0.0,0.5,0.0,0.5,0.5,1.0,0.5,0.5,0.5,1.0,0.5,1.0,1.5,0.0,0.0,0.0,0.0,0.0,1.5,0.3982133092577322,1,0,0,0,0
62,28,18,3,27.8,4.4,10.7,0.417,2.2,5.3,0.417,2.2,5.3,0.417,0.521,3.1,3.7,0.821,0.4,2.0,2.4,3.6,0.8,0.3,1.6,2.3,14.2,0.2572192831123715,0,0,1,0,0
63,22,15,15,36.8,10.7,23.5,0.455,3.4,9.9,0.345,7.3,13.6,0.534,0.527,6.9,9.0,0.77,0.7,9.1,9.8,6.4,1.8,0.6,3.9,2.9,31.7,0.18395350487282713,0,0,1,0,0
65,35,4,0,19.8,4.5,8.0,0.563,1.0,3.0,0.333,3.5,5.0,0.7,0.625,0.5,0.5,1.0,1.5,3.0,4.5,1.5,0.8,0.0,1.3,2.8,10.5,0.4731450325143467,0,0,1,0,0
66,28,4,4,15.0,1.5,2.8,0.545,0.0,0.0,0.0,1.5,2.8,0.545,0.545,0.8,1.3,0.6,0.8,2.3,3.0,0.8,1.3,0.8,1.5,3.0,3.8,0.6705883119842891,1,0,0,0,0
67,33,4,4,44.0,8.0,20.8,0.386,1.8,5.3,0.333,6.3,15.5,0.403,0.428,8.5,9.5,0.895,0.5,5.3,5.8,6.3,1.0,0.3,5.3,3.8,26.3,0.9239633380276077,0,1,0,0,0
70,27,10,10,38.5,7.8,16.1,0.484,0.7,3.3,0.212,7.1,12.8,0.555,0.506,7.3,8.9,0.82,2.1,8.6,10.7,2.1,0.4,0.8,3.2,3.4,23.6,0.6809081602899503,1,0,0,0,0
71,28,18,18,38.2,4.1,8.7,0.471,2.6,6.0,0.426,1.6,2.7,0.571,0.618,0.9,1.3,0.708,1.8,3.7,5.5,1.9,0.9,0.4,1.0,2.9,11.7,0.09160508826898618,0,1,0,0,0
74,28,5,0,15.2,1.2,3.0,0.4,0.8,2.2,0.364,0.4,0.8,0.5,0.533,0.8,1.0,0.8,0.2,0.4,0.6,1.4,0.2,0.0,0.4,1.4,4.0,0.06339932812625751,0,0,0,0,1
75,33,5,3,22.4,3.6,9.0,0.4,0.8,3.0,0.267,2.8,6.0,0.467,0.444,2.2,2.2,1.0,0.4,3.8,4.2,0.8,0.2,0.0,1.0,1.2,10.2,0.5583304145594875,0,1,0,0,0
76,29,6,6,32.8,3.5,5.5,0.636,0.0,0.0,0.0,3.5,5.5,0.636,0.636,5.0,7.3,0.682,3.5,9.7,13.2,0.5,0.2,1.0,1.3,3.2,12.0,0.624591837578948,1,0,0,0,0
77,26,5,5,32.0,4.6,10.8,0.426,0.6,3.0,0.2,4.0,7.8,0.513,0.454,4.0,5.6,0.714,3.6,3.6,7.2,2.6,0.4,1.2,1.6,2.8,13.8,0.4893347878312579,0,1,0,0,0
79,34,12,12,26.6,3.0,7.4,0.404,2.6,6.3,0.408,0.4,1.1,0.385,0.579,0.0,0.1,0.0,0.8,2.3,3.1,0.8,1.0,0.3,1.1,1.9,8.6,0.358222154584113,0,0,0,1,0
80,31,22,22,32.0,3.1,6.5,0.479,0.4,1.8,0.205,2.8,4.8,0.581,0.507,1.4,2.1,0.638,1.2,6.0,7.2,6.3,1.1,1.0,2.7,4.0,8.0,0.4561270557924979,0,1,0,0,0
81,31,5,0,13.8,1.2,3.2,0.375,0.2,1.0,0.2,1.0,2.2,0.455,0.406,1.4,1.4,1.0,0.6,1.8,2.4,0.4,0.0,0.2,0.4,2.4,4.0,0.11083514873962874,0,1,0,0,0
83,35,5,5,22.6,1.2,3.4,0.353,0.6,1.6,0.375,0.6,1.8,0.333,0.441,0.8,1.0,0.8,1.4,2.2,3.6,0.4,0.6,0.4,0.4,1.2,3.8,0.07669188804845474,1,0,0,0,0
85,32,2,0,12.5,1.0,3.5,0.286,1.0,2.5,0.4,0.0,1.0,0.0,0.429,1.0,1.0,1.0,1.0,1.0,2.0,2.0,0.5,0.5,0.5,1.5,4.0,0.8550400935478509,0,1,0,0,0
86,32,12,12,39.9,5.3,13.2,0.405,2.3,6.3,0.368,3.0,6.8,0.439,0.494,5.6,6.3,0.893,0.9,4.8,5.7,8.6,0.8,0.7,4.2,2.4,18.6,0.9490351248211443,0,0,0,0,1
87,29,12,12,38.8,6.8,13.5,0.5,1.8,4.8,0.386,4.9,8.8,0.562,0.568,1.6,1.8,0.864,0.8,6.8,7.6,2.9,1.1,0.8,1.5,2.9,16.9,0.812218384288815,0,1,0,0,0
89,21,6,6,13.8,2.3,4.2,0.56,0.0,0.5,0.0,2.3,3.7,0.636,0.56,1.2,1.8,0.636,0.7,1.8,2.5,0.2,0.0,0.3,0.7,1.8,5.8,0.11321797135648647,1,0,0,0,0
92,22,15,0,25.4,4.9,12.1,0.409,1.1,4.7,0.229,3.9,7.4,0.523,0.453,1.7,1.8,0.926,0.5,3.4,3.9,2.8,0.6,0.4,1.8,1.4,12.6,0.08258425938067171,0,0,0,0,1
94,35,5,0,15.2,0.2,1.0,0.2,0.2,0.4,0.5,0.0,0.6,0.0,0.3,0.4,0.4,1.0,0.2,1.0,1.2,0.6,0.0,0.0,0.2,2.0,1.0,0.24539309678436785,0,0,0,0,1
95,25,6,0,3.3,1.3,2.3,0.571,0.8,1.2,0.714,0.5,1.2,0.429,0.75,0.0,0.2,0.0,0.5,0.0,0.5,1.5,0.5,0.2,0.0,0.2,3.5,0.04745868608292694,0,0,1,0,0
96,31,12,12,38.6,7.4,19.6,0.379,2.1,6.6,0.316,5.3,13.0,0.41,0.432,2.2,2.6,0.839,1.0,4.6,5.6,6.5,1.8,0.6,2.8,2.3,19.1,0.6464715847650787,0,0,1,0,0
97,35,23,23,35.4,4.4,8.4,0.523,2.0,4.3,0.48,2.3,4.1,0.568,0.645,1.2,1.6,0.778,1.5,7.8,9.3,3.3,0.8,1.3,1.3,2.8,12.0,0.6933279713138645,1,0,0,0,0
99,23,5,5,30.8,3.4,9.4,0.362,1.8,6.2,0.29,1.6,3.2,0.5,0.457,0.6,0.8,0.75,0.2,2.8,3.0,3.8,1.2,0.6,2.2,3.0,9.2,0.05741419118290446,0,0,0,0,1
100,24,5,5,35.0,7.8,14.0,0.557,2.4,5.2,0.462,5.4,8.8,0.614,0.643,3.2,4.0,0.8,0.4,3.4,3.8,0.6,0.8,0.2,2.2,4.0,21.2,0.16853435599480213,0,0,0,1,0
102,32,6,0,3.7,0.7,2.7,0.25,0.0,0.5,0.0,0.7,2.2,0.308,0.25,0.2,0.3,0.5,0.3,1.3,1.7,0.0,0.0,0.0,0.3,0.2,1.5,0.5747786349264532,0,1,0,0,0
103,38,7,0,8.7,0.6,1.3,0.444,0.1,0.4,0.333,0.4,0.9,0.5,0.5,0.3,0.4,0.667,0.4,0.6,1.0,1.7,0.0,0.3,0.6,1.6,1.6,0.422181235422323,0,0,0,1,0
104,24,6,6,39.3,9.3,19.7,0.475,1.8,4.5,0.407,7.5,15.2,0.495,0.521,6.5,7.8,0.83,0.7,5.5,6.2,6.2,0.7,0.3,3.8,1.8,27.0,0.17347663196647803,0,0,0,1,0
105,29,4,4,42.5,7.0,15.8,0.444,2.0,5.3,0.381,5.0,10.5,0.476,0.508,5.3,5.3,1.0,1.5,3.8,5.3,5.3,1.8,1.3,2.3,3.3,21.3,0.7871465974952785,0,0,1,0,0
108,25,13,3,24.6,3.5,7.6,0.465,1.7,4.5,0.373,1.8,3.1,0.6,0.576,2.0,2.5,0.813,0.7,2.8,3.5,1.5,0.4,0.1,0.9,2.4,10.8,0.09244348881936204,0,1,0,0,0
110,26,5,5,34.2,12.2,21.2,0.575,1.0,3.6,0.278,11.2,17.6,0.636,0.599,5.6,6.6,0.848,3.4,9.8,13.2,5.8,1.6,1.0,4.8,4.0,31.0,0.6809081602899503,1,0,0,0,0
113,25,12,3,21.8,3.3,8.3,0.394,1.5,3.8,0.4,1.8,4.5,0.389,0.485,1.2,1.3,0.933,0.3,2.9,3.3,4.5,1.2,0.2,1.1,0.7,9.2,0.24494413629825598,0,0,1,0,0
114,33,3,2,10.3,1.7,1.7,1.0,0.0,0.0,0.0,1.7,1.7,1.0,1.0,0.0,0.0,0.0,0.3,2.0,2.3,0.3,0.0,0.7,0.7,1.3,3.3,0.23906725933027745,1,0,0,0,0
115,30,18,0,25.4,3.0,5.9,0.509,1.9,4.3,0.436,1.1,1.6,0.714,0.67,0.8,1.2,0.714,0.8,3.7,4.6,1.1,0.2,0.8,0.6,2.7,8.7,0.19189223544313258,0,1,0,0,0
116,22,2,0,4.5,3.5,5.5,0.636,3.0,5.0,0.6,0.5,0.5,1.0,0.909,1.0,1.0,1.0,0.0,1.0,1.0,0.0,1.0,0.0,1.5,0.0,11.0,0.10113537586494531,0,0,0,1,0
118,24,9,0,6.8,1.2,2.6,0.478,0.4,1.1,0.4,0.8,1.4,0.538,0.565,0.2,0.2,1.0,0.1,1.2,1.3,0.4,0.1,0.1,0.2,0.8,3.1,0.031948376188120645,0,0,0,0,1
119,26,9,0,2.1,0.3,0.4,0.75,0.1,0.1,1.0,0.2,0.3,0.667,0.875,0.0,0.0,0.0,0.1,0.4,0.6,0.1,0.0,0.0,0.1,0.1,0.8,0.04772946138029714,1,0,0,0,0
121,26,4,4,38.3,6.8,15.8,0.429,2.3,6.0,0.375,4.5,9.8,0.462,0.5,3.5,3.8,0.933,0.0,5.3,5.3,6.0,0.8,0.3,3.0,2.3,19.3,0.4802177835688034,0,0,0,1,0
123,25,22,13,20.4,2.6,4.0,0.659,0.0,0.0,0.0,2.6,4.0,0.659,0.659,0.5,0.8,0.611,2.9,4.8,7.6,2.2,0.4,0.5,0.9,2.3,5.8,0.1032455678722101,1,0,0,0,0
124,33,12,12,27.7,4.2,8.5,0.49,0.5,2.3,0.214,3.7,6.2,0.595,0.52,1.8,1.9,0.913,2.3,3.7,5.9,0.7,0.5,1.5,0.9,2.8,10.6,0.29451166051196087,1,0,0,0,0
125,35,10,10,29.5,2.5,8.6,0.291,1.3,5.4,0.241,1.2,3.2,0.375,0.366,1.5,1.9,0.789,0.3,3.3,3.6,4.7,1.2,0.7,1.9,2.9,7.8,0.8261155754213252,0,0,1,0,0
127,33,3,0,2.0,0.3,1.3,0.25,0.0,0.0,0.0,0.3,1.3,0.25,0.25,0.7,0.7,1.0,0.0,1.0,1.0,0.0,0.3,0.0,0.7,0.0,1.3,0.07906919487221788,1,0,0,0,0
130,35,12,12,28.8,2.1,5.3,0.391,1.5,3.8,0.4,0.6,1.6,0.368,0.531,0.5,0.8,0.667,0.8,2.3,3.1,1.2,0.8,0.3,0.5,2.3,6.2,0.05562088148892316,0,0,0,0,1
133,30,6,6,39.0,8.2,20.8,0.392,2.8,8.5,0.333,5.3,12.3,0.432,0.46,3.0,4.3,0.692,1.8,4.8,6.7,4.8,0.7,0.8,2.5,2.5,22.2,0.6822201418210693,0,0,0,0,1
135,34,12,0,11.1,2.9,4.2,0.7,0.0,0.1,0.0,2.9,4.1,0.714,0.7,0.9,1.1,0.846,1.3,2.7,4.0,0.6,0.3,0.4,0.8,2.3,6.8,0.09160508826898618,1,0,0,0,0
137,23,10,0,17.0,2.1,6.5,0.323,1.1,4.4,0.25,1.0,2.1,0.476,0.408,0.3,0.4,0.75,0.9,2.2,3.1,1.6,1.0,0.5,1.4,0.9,5.6,0.02684095235683571,0,0,0,0,1
138,30,2,2,36.0,5.0,12.0,0.417,3.0,7.0,0.429,2.0,5.0,0.4,0.542,1.5,1.5,1.0,0.5,4.5,5.0,7.0,1.5,0.0,5.5,3.0,14.5,0.7586010644979237,0,0,0,1,0
140,36,1,0,6.0,0.0,0.0,0.0,0.0,0.0,0.0,0.0,0.0,0.0,0.0,0.0,0.0,0.0,0.0,1.0,1.0,1.0,0.0,0.0,0.0,1.0,0.0,0.7522466702786755,0,1,0,0,0
141,25,12,0,13.2,1.5,3.2,0.474,0.7,1.3,0.533,0.8,1.9,0.435,0.579,1.3,1.7,0.8,0.3,1.3,1.6,0.9,0.5,0.3,0.4,1.1,5.0,0.027564148046895273,0,0,1,0,0
142,25,6,6,38.2,8.8,22.2,0.398,1.7,8.0,0.208,7.2,14.2,0.506,0.436,6.2,7.0,0.881,1.0,3.3,4.3,5.7,0.7,0.5,2.7,2.3,25.5,0.08247294064730841,0,0,0,0,1
145,22,9,9,37.6,9.0,20.4,0.44,1.9,5.6,0.34,7.1,14.9,0.478,0.486,7.2,9.7,0.747,1.4,6.6,8.0,9.8,2.0,0.4,3.6,2.4,27.1,0.21020065703124474,0,0,1,0,0
147,32,1,0,3.0,0.0,1.0,0.0,0.0,0.0,0.0,0.0,1.0,0.0,0.0,0.0,0.0,0.0,0.0,1.0,1.0,0.0,0.0,0.0,1.0,2.0,0.0,0.08433143698695289,0,1,0,0,0
148,26,5,5,31.2,5.0,10.2,0.49,2.2,5.2,0.423,2.8,5.0,0.56,0.598,1.8,2.4,0.75,0.2,2.0,2.2,5.4,1.2,0.0,1.6,2.8,14.0,0.03113773010572522,0,0,1,0,0
153,28,12,0,16.5,1.7,4.0,0.417,1.3,3.6,0.372,0.3,0.4,0.8,0.583,0.2,0.2,1.0,0.3,1.2,1.5,0.9,0.3,0.0,0.6,2.5,4.8,0.03256998099809279,0,1,0,0,0
156,23,12,0,10.4,0.7,2.0,0.333,0.5,1.7,0.3,0.2,0.3,0.5,0.458,0.1,0.1,1.0,0.2,0.8,1.0,0.8,0.7,0.1,0.5,1.6,1.9,0.11306152340689479,0,0,1,0,0
158,28,6,6,31.3,2.3,5.8,0.4,1.2,4.2,0.28,1.2,1.7,0.7,0.5,0.3,0.3,1.0,1.0,4.7,5.7,1.5,0.5,0.2,0.5,2.7,6.2,0.03189712945591465,0,0,0,1,0
159,23,1,0,2.0,0.0,0.0,0.0,0.0,0.0,0.0,0.0,0.0,0.0,0.0,0.0,0.0,0.0,0.0,0.0,0.0,0.0,0.0,0.0,0.0,0.0,0.0,0.05476661049750699,0,0,0,0,1
161,29,15,1,24.5,3.3,9.1,0.368,1.1,4.1,0.274,2.2,4.9,0.446,0.43,2.8,3.5,0.792,0.3,3.1,3.4,2.1,1.3,0.3,1.7,1.9,10.6,0.5178254637591083,0,0,0,0,1
162,25,4,0,6.0,0.8,1.5,0.5,0.3,0.5,0.5,0.5,1.0,0.5,0.583,0.3,0.3,1.0,0.3,1.0,1.3,0.0,0.3,0.0,0.0,0.8,2.0,0.013840177889341658,0,1,0,0,0
163,36,13,13,34.5,6.7,11.9,0.561,1.5,3.8,0.388,5.2,8.2,0.642,0.623,2.7,2.8,0.946,0.5,3.6,4.2,8.3,1.5,0.2,2.4,3.1,17.5,0.9567442479679945,0,0,1,0,0
164,27,13,0,13.2,1.7,5.7,0.297,0.4,2.3,0.167,1.3,3.4,0.386,0.331,0.4,0.5,0.833,0.2,1.4,1.5,2.1,0.5,0.1,1.0,1.9,4.2,0.0,0,0,1,0,0
165,27,2,0,4.0,1.0,1.5,0.667,0.0,0.0,0.0,1.0,1.5,0.667,0.667,0.0,0.0,0.0,0.0,0.0,0.0,1.5,0.0,0.0,0.0,0.0,2.0,0.19189223544313258,0,0,1,0,0
167,22,22,5,27.5,5.9,11.5,0.508,2.3,5.8,0.391,3.6,5.7,0.627,0.606,3.0,3.2,0.915,0.5,2.4,2.8,3.8,0.8,0.4,2.4,2.8,17.0,0.04057798491530876,0,0,0,0,1
169,26,12,5,24.8,4.0,9.6,0.417,1.2,3.9,0.298,2.8,5.7,0.5,0.478,1.4,1.8,0.773,2.1,7.9,10.0,0.8,0.4,0.3,1.3,2.2,10.6,0.3673947429978887,1,0,0,0,0
170,30,18,18,13.8,1.2,1.9,0.629,0.0,0.1,0.0,1.2,1.8,0.667,0.629,0.8,1.3,0.609,0.9,1.7,2.6,0.2,0.2,0.3,0.5,2.2,3.2,0.2485388037297793,1,0,0,0,0
171,27,5,0,13.0,2.0,5.4,0.37,0.8,2.8,0.286,1.2,2.6,0.462,0.444,1.2,1.4,0.857,0.2,1.4,1.6,1.2,0.4,0.2,0.8,1.0,6.0,0.07861752663313232,0,1,0,0,0
174,22,5,0,10.8,1.4,3.4,0.412,0.6,1.4,0.429,0.8,2.0,0.4,0.5,1.4,1.4,1.0,0.4,2.4,2.8,0.0,0.2,1.2,1.0,2.8,4.8,0.013840177889341658,1,0,0,0,0
175,29,5,0,21.6,1.6,3.6,0.444,0.8,2.4,0.333,0.8,1.2,0.667,0.556,0.2,0.2,1.0,0.0,0.6,0.6,1.2,1.4,0.2,0.8,3.0,4.2,0.045831777837894355,0,0,0,0,1
176,27,13,0,12.2,1.9,4.4,0.439,1.4,3.6,0.383,0.5,0.8,0.7,0.596,0.4,0.5,0.833,0.2,1.6,1.8,0.4,0.3,0.1,0.2,1.7,5.6,0.02684095235683571,0,0,0,0,1
177,25,6,6,32.7,4.0,12.0,0.333,2.0,5.2,0.387,2.0,6.8,0.293,0.417,2.0,2.7,0.75,0.0,2.5,2.5,6.7,1.5,0.0,2.8,2.8,12.0,0.6754016437564858,0,0,1,0,0
178,24,12,0,16.0,1.6,4.0,0.396,0.8,2.2,0.346,0.8,1.8,0.455,0.49,0.4,0.6,0.714,0.3,1.4,1.7,1.3,0.5,0.0,0.6,0.8,4.3,0.04133916436236053,0,0,0,0,1
180,27,6,6,43.3,8.5,17.8,0.477,0.7,2.8,0.235,7.8,15.0,0.522,0.495,5.2,6.0,0.861,1.3,5.8,7.2,5.8,1.2,1.0,2.2,4.0,22.8,0.050282722003777314,0,1,0,0,0
181,27,21,21,36.2,5.4,13.3,0.405,2.3,6.5,0.35,3.1,6.8,0.458,0.491,2.4,3.0,0.806,1.0,3.6,4.5,5.9,1.2,0.2,2.5,3.4,15.4,0.3060583967043638,0,0,1,0,0
185,23,24,24,41.0,8.4,19.7,0.426,3.2,8.2,0.393,5.2,11.5,0.449,0.507,5.7,7.1,0.8,1.0,5.7,6.7,6.2,1.2,0.9,4.2,3.0,25.6,0.18763003168823136,0,0,0,1,0
186,35,1,0,2.0,0.0,0.0,0.0,0.0,0.0,0.0,0.0,0.0,0.0,0.0,0.0,0.0,0.0,0.0,1.0,1.0,0.0,0.0,0.0,0.0,0.0,0.0,0.11083514873962874,0,0,0,0,1
187,29,16,5,12.5,1.9,3.2,0.588,0.2,0.9,0.214,1.7,2.3,0.73,0.618,0.4,0.5,0.75,0.8,2.4,3.3,0.7,0.3,0.5,0.7,1.6,4.3,0.11667687506252276,1,0,0,0,0
189,31,22,22,36.0,7.2,16.7,0.429,3.5,9.1,0.385,3.7,7.6,0.482,0.534,1.2,1.4,0.867,0.3,3.6,3.9,2.3,1.1,0.7,1.3,2.1,19.0,0.812218384288815,0,0,0,0,1
190,30,5,0,7.6,0.4,1.0,0.4,0.0,0.0,0.0,0.4,1.0,0.4,0.4,0.0,0.0,0.0,0.4,1.2,1.6,0.4,0.2,0.0,1.0,0.8,0.8,0.4561270557924979,0,1,0,0,0
191,24,9,0,15.2,1.2,2.7,0.458,0.4,1.6,0.286,0.8,1.1,0.7,0.542,0.1,0.3,0.333,0.2,0.8,1.0,0.4,0.8,0.8,0.2,1.7,3.0,0.05605730608163825,0,0,0,0,1
194,26,6,6,37.0,6.5,13.3,0.488,1.7,3.7,0.455,4.8,9.7,0.5,0.55,7.2,8.3,0.86,1.8,9.0,10.8,2.2,0.7,2.0,4.5,4.2,21.8,0.6754016437564858,1,0,0,0,0
198,29,6,6,29.2,5.5,11.3,0.485,0.2,1.0,0.167,5.3,10.3,0.516,0.493,3.3,4.3,0.769,5.5,8.8,14.3,3.0,0.7,0.2,2.0,2.8,14.5,0.3924665297914253,1,0,0,0,0
199,22,6,6,21.5,2.2,4.5,0.481,0.0,0.0,0.0,2.2,4.5,0.481,0.481,1.2,1.7,0.7,2.0,5.2,7.2,0.7,1.2,0.3,0.8,2.7,5.5,0.02684095235683571,0,1,0,0,0
200,27,4,4,35.0,4.8,13.5,0.352,3.0,9.0,0.333,1.8,4.5,0.389,0.463,1.3,1.5,0.833,0.5,2.5,3.0,6.3,1.8,1.0,1.0,3.0,13.8,0.22564269645061225,0,0,1,0,0
203,31,5,5,36.2,8.0,18.2,0.44,2.6,8.4,0.31,5.4,9.8,0.551,0.511,0.8,1.0,0.8,2.8,9.6,12.4,3.2,0.4,1.2,1.6,2.8,19.4,0.6933279713138645,1,0,0,0,0
206,21,5,0,19.6,3.0,9.0,0.333,1.6,5.8,0.276,1.4,3.2,0.438,0.422,0.8,1.0,0.8,0.0,3.4,3.4,1.8,0.2,0.0,1.2,1.0,8.4,0.12437692222255374,0,0,1,0,0
207,27,23,3,25.4,2.8,7.7,0.364,1.1,3.6,0.313,1.7,4.0,0.409,0.438,1.8,2.2,0.824,0.3,2.7,3.0,2.7,0.9,0.6,1.3,2.0,8.5,0.040159787511592576,0,0,0,0,1
208,32,6,0,10.8,0.8,2.0,0.417,0.0,0.0,0.0,0.8,2.0,0.417,0.417,0.2,0.7,0.25,1.3,3.8,5.2,0.0,0.3,1.3,0.0,1.5,1.8,0.6705883119842891,1,0,0,0,0
209,26,22,22,34.9,6.5,13.9,0.469,1.6,4.8,0.333,4.9,9.1,0.54,0.526,1.9,3.0,0.646,2.5,5.0,7.5,1.8,1.0,1.0,1.4,2.5,16.5,0.6809081602899503,0,0,0,1,0
210,23,24,5,27.3,2.7,6.3,0.433,1.5,3.7,0.393,1.3,2.5,0.492,0.55,1.8,2.2,0.808,1.0,2.8,3.8,0.8,0.3,0.8,0.8,3.5,8.6,0.05098478217756994,0,1,0,0,0
212,24,17,15,23.2,3.1,4.6,0.679,0.0,0.1,0.0,3.1,4.5,0.688,0.679,1.5,1.6,0.893,2.5,3.6,6.2,1.0,0.7,2.2,0.6,2.0,7.7,0.03989502944305283,1,0,0,0,0
214,29,5,0,27.4,3.0,5.8,0.517,1.0,2.6,0.385,2.0,3.2,0.625,0.603,1.2,1.8,0.667,2.2,2.6,4.8,2.8,0.8,0.2,1.0,0.4,8.2,0.22884012649217875,0,0,0,0,1
215,33,6,0,14.5,1.5,3.0,0.5,0.2,1.2,0.143,1.3,1.8,0.727,0.528,0.2,0.7,0.25,1.2,1.8,3.0,1.7,0.8,0.2,0.5,1.3,3.3,0.31474399073146186,0,1,0,0,0
216,23,5,5,37.2,4.4,13.8,0.319,1.4,7.6,0.184,3.0,6.2,0.484,0.37,5.2,6.6,0.788,1.0,4.0,5.0,6.0,0.6,0.0,6.2,2.6,15.4,0.14859325965069486,0,0,1,0,0
